time_s,flow_rate_ml_s,pump_flow_command_ml_s,pressure_drop_bar,puck_pressure_drop_bar,viscous_puck_pressure_drop_bar,forchheimer_puck_pressure_drop_bar,forchheimer_fraction_of_puck_pressure,basket_sieve_pressure_drop_bar,pressure_setpoint_bar,controller_saturated,puck_outlet_fines_mg_s,cup_fines_mg_s,cumulative_puck_outlet_fines_g,cumulative_basket_retained_fines_g,cumulative_cup_fines_g,minimum_K_over_K0,maximum_pressure_gradient_MPa_m,maximum_deposit_kg_m3,minimum_hydraulic_diameter_um,maximum_fine_to_hydraulic_diameter_ratio,mean_washout_escape_probability,blockage_position_mm_from_inlet,relative_mass_balance_error
0.0,0.0,0.0,0.0,0.0,0.0,0.0,0.0,0.0,0.0,0,0.0,0.0,0.0,0.0,0.0,1.0,0.0,0.0,183.33333333333337,0.13636363636363635,0.9790707159845449,0.25,0.0
0.25,0.07740895068628616,0.1720168014664526,0.5867502716228044,0.5859761821159415,0.5859761649822414,1.713370009562712e-08,2.9239584506247114e-08,0.0007740895068628615,1.125,0,0.000675695530313726,0.0004392020947039219,1.689238825784315e-07,5.9123358902451025e-08,1.0980052367598048e-07,0.999963949790287,2.9299552096857897,0.00011798463121347663,183.33319887796736,0.13636373637183316,0.9790707050444016,19.75,0.0
0.5,0.2069949992321997,0.32858850834524866,1.5694303625445938,1.5673604125522718,1.5673602900374852,1.2251478634660247e-07,7.816631411986525e-08,0.002069949992321997,2.25,0,0.017270892725696922,0.011226080271703,4.486647064002661e-06,1.5703264724009315e-06,2.9163205916017303e-06,0.9990393294086403,7.842082979898424,0.003145523992677075,183.32974872915523,0.13636630265028127,0.9790704218250947,19.75,2.9311386964844526e-16
0.75,0.35120150871802275,0.4800736331446525,2.6666817083571264,2.6631696932699462,2.663169340589367,3.5268057955729293e-07,1.3242887993526902e-07,0.0035120150871802277,3.375,0,0.08873576831960163,0.05767824940774106,2.667058914390307e-05,9.334706200366073e-06,1.7335882943536995e-05,0.9942799259703055,13.369091337582574,0.018773987915519538,183.31193984844163,0.136379550730135,0.9790689297697537,19.75,0.0
1.0,0.4984755067949478,0.6280376953356033,3.80075882463274,3.7957740695647906,3.7957733590772818,7.104875091290949e-07,1.8717855596989122e-07,0.004984755067949477,4.5,0,0.24461110281029066,0.15899721682668894,8.782336484647573e-05,3.0738177696266504e-05,5.708518715020923e-05,0.9812235449537776,19.227821181931102,0.06203444990930481,183.26265379349266,0.13641622819764987,0.9790646588077205,19.75,0.0
1.25,0.6439200712179197,0.7706113453866695,4.953013698253865,4.946574497541685,4.946573311956606,1.1855850786670291e-06,2.3967799924093596e-07,0.0064392007121791975,5.625,0,0.4898131431192732,0.3183785430275276,0.00021027665062629407,7.359682771920292e-05,0.00013667982290709114,0.9555339495288577,25.505865957442683,0.14885995186001805,183.1637786528145,0.13648986815994502,0.9790556829794035,19.75,0.0
1.5,0.7837483928999934,0.9042179232647188,6.121679974207927,6.113842490278927,6.113840733884192,1.7563947349716196e-06,2.8728164616021846e-07,0.007837483928999935,6.75,0,0.8078211919583094,0.5250837747729011,0.0004122319486158714,0.00014428118201555498,0.0002679507666003164,0.9146513719102026,32.43211880744793,0.291967529291341,183.0009385938703,0.13661132118825858,0.9790400287561182,19.75,1.4655693482422263e-16
1.75,0.9139300911508266,1.0245164774733304,7.30890385138372,7.2997645504722115,7.2997621621399045,2.388332307001336e-06,3.2717936181199676e-07,0.009139300911508266,7.875,0,1.1692882072305948,0.7600373346998867,0.0007045540004235202,0.00024659390014823197,0.00045796010027528817,0.8587933906717835,40.27898735835449,0.49819715676361226,182.76655264822094,0.1367865161199305,0.9790159778819939,19.75,0.0
2.0,1.0302581486463638,1.1272987821159268,8.516208849160668,8.505906267674204,8.505903232658683,3.0350155206571245e-06,3.568127163817193e-07,0.010302581486463637,9.0,0,1.5417155204602768,1.0021150882991798,0.001089982880538589,0.0003814940081885062,0.0007084888723500831,0.7908978966777922,49.303744346218984,0.7677373119178129,182.46070943118977,0.13701579960932952,0.9789823299173435,19.75,0.0
2.25,1.0595139897824228,1.0569559393142456,9.135595559059903,9.12500041916208,9.124997209330902,3.2098311764531213e-06,3.517623045487893e-07,0.010595139897824228,9.0,0,1.861668542972669,1.2100845529322348,0.0015554000162817565,0.0005443900056986146,0.0010110100105831417,0.7170179967919579,55.9282068357067,1.0886869262266885,182.09726512554593,0.1372892667155868,0.9789394571741962,19.75,1.4655693482422263e-16
2.5,1.0320149903536886,0.9992575757681207,9.33300878817783,9.322688638274293,9.322685592899061,3.0453752311291722e-06,3.2666276321043115e-07,0.010320149903536885,9.0,0,2.016030701390486,1.3104199559038157,0.002059407691629378,0.000720792692070282,0.0013386149995590958,0.6461350321584088,60.45287479177041,1.4293530619654071,181.71236211799953,0.1375800727512728,0.9788910944816959,19.75,2.9311386964844526e-16
2.75,0.9876773680096311,0.9463100997972214,9.395124326554177,9.385247552874082,9.385244763549817,2.7893242630673283e-06,2.972030569628547e-07,0.009876773680096311,9.0,0,2.076662683071348,1.3498307439963766,0.0025785733623972153,0.0009025006768390248,0.00167607268555819,0.5818338871398846,64.24958344009515,1.7724118558103552,181.3256563370056,0.1378734841225991,0.9788398717253134,19.75,2.9311386964844526e-16
3.0,0.9392487201434575,0.896353431455925,9.410576525513322,9.401184038311888,9.401181515818573,2.522493314440059e-06,2.6831655503821067e-07,0.009392487201434575,9.0,0,2.0941479368954306,1.3611961589820298,0.0031021103466210725,0.001085738621317375,0.002016371725303698,0.5247495313686138,67.74586071892375,2.1103665163797936,180.94558468151928,0.13816308391278118,0.97878729371796,19.75,2.9311386964844526e-16
3.25,0.891086076253837,0.8491776172528006,9.407843084591674,9.398932223829135,9.398929953399143,2.2704299924441187e-06,2.4156254544403375e-07,0.008910860762538369,9.0,0,2.0888876841148734,1.3577769946746676,0.0036243322676497904,0.0012685162936774267,0.0023558159739723644,0.47451800758548307,71.07570240187172,2.4396732359932094,180.57607655917585,0.13844580343292237,0.9787343058249498,19.75,4.3967080447266784e-16
3.5,0.8448113640496544,0.8048593975859917,9.396760233395373,9.388312119754877,9.388310079011976,2.040742900526728e-06,2.1737058530815125e-07,0.008448113640496545,9.0,0,2.0703008127606948,1.3456955282944516,0.004141907470839964,0.0014496676147939874,0.0026922398560459775,0.4304597533320746,74.28162328464533,2.7585865560423075,180.2190162774276,0.1387201002224716,0.9786815371855756,19.75,2.9311386964844526e-16
3.75,0.8010609629717936,0.7634438824887839,9.381220010820844,9.373209401191126,9.373207566343785,1.834847340286014e-06,1.957544381813177e-07,0.008010609629717936,9.0,0,2.0434897306830293,1.3282683249439693,0.004652779903510721,0.0016284729662287526,0.0030243069372819695,0.39183064871890744,77.37868558188786,3.0663018036418923,179.87522395152365,0.1389852334901748,0.978629414790508,19.75,2.9311386964844526e-16
4.0,0.760060364680465,0.7248924432356836,9.363091817146035,9.35549121349923,9.355489561670668,1.6518285623777357e-06,1.7656246205375925e-07,0.00760060364680465,9.0,0,2.0115909070796407,1.3075340896017666,0.0051556776302806315,0.0018044871705982211,0.003351190459682411,0.3579189462276542,80.37436850450165,3.3625594649478643,179.54490820441666,0.1392409300270261,0.9785782261069439,19.75,4.3967080447266784e-16
4.25,0.7218365836740605,0.6890978024798197,9.343457722180323,9.336239356343581,9.336237866479749,1.4898638336724301e-06,1.5957858156883375e-07,0.007218365836740604,9.0,0,1.976677707097572,1.2848405096134219,0.005649847057055023,0.0019774464699692587,0.003672400587085767,0.3280815571321906,83.27434813642425,3.6474318056060695,179.22790991481534,0.13948720381709617,0.9785281589903431,19.75,4.3967080447266784e-16
4.5,0.686311475935017,0.6559093037701436,9.323024644717178,9.316161529957828,9.316160183132355,1.3468254728009038e-06,1.4456871196038616e-07,0.00686311475935017,9.0,0,1.9401653462810289,1.261107475082669,0.0061348883936252815,0.0021472109377688488,0.003987677455856435,0.30175415715127557,86.08394561055157,3.921194102050406,178.92384869900087,0.13972424683339377,0.9784793295253792,19.75,4.3967080447266784e-16
4.75,0.6533503838059951,0.6251539253935696,9.30228144946562,9.295747945627559,9.295746725062028,1.2205655305799689e-06,1.3130363879477674e-07,0.006533503838059951,9.0,0,1.9030285994595781,1.236968589648726,0.006610645543490176,0.002313725940221562,0.004296919603268616,0.2784495308000113,88.80835414238013,4.184242213058301,178.63221609856242,0.13995235879627646,0.9784318022080315,19.75,7.327846741211131e-16
5.0,0.6227904902788478,0.596650960762672,9.281572908544021,9.275345003641233,9.275343894587099,1.1090541337774444e-06,1.1957012201077823e-07,0.006227904902788478,9.0,0,1.8659366570531963,1.2128588270845777,0.007077129707753475,0.0024769953977137166,0.004600134310039761,0.2577508652775767,91.4525876650703,4.437038615068467,178.35243610815826,0.14017190090321643,0.9783856047383488,19.75,7.327846741211131e-16
5.25,0.5944581247289789,0.5702214220826359,9.261142697209499,9.255198115962209,9.255197105520338,1.0104418707200307e-06,1.0917560683842597e-07,0.005944581247289788,9.0,0,1.8293436068772115,1.1890733444701873,0.0075344656094727775,0.0026370629633154724,0.004897402646157308,0.2393032929568681,94.02140725765133,4.680076985585135,178.08390450995572,0.14038326522991518,0.9783407388650751,19.75,7.327846741211131e-16
5.5,0.5681793341550927,0.5456936583381248,9.241161942154898,9.235480148813346,9.235479225732655,9.230806919921163e-07,9.994939917777003e-08,0.0056817933415509265,9.0,0,1.793551381552643,1.165808398009218,0.007982853454860939,0.002793998709201329,0.005188854745659612,0.22280530321333017,96.51927744451098,4.913859170091239,177.82601413419567,0.14058685463834247,0.978297188310919,19.75,7.327846741211131e-16
5.75,0.5437861490359512,0.522906428103083,9.221749313379899,9.21631145188954,9.216310606367207,8.455223318435826e-07,9.174194429705742e-08,0.005437861490359513,9.0,0,1.7587541950392227,1.1431902267754948,0.008422542003620742,0.002947889701267261,0.005474652302353485,0.20800077371624762,98.95035142339128,5.138880478357371,177.57817071244378,0.14078306978667468,0.9782549245424251,19.75,8.793416089453357e-16
6.0,0.52112006869931,0.5017103254602894,9.202985437862074,9.19777423717508,9.19777346066983,7.765052509810367e-07,8.442316923181247e-08,0.0052112006869931,9.0,0,1.725070098029007,1.1212955637188546,0.008853809528127995,0.0030988333348447986,0.005754976193283198,0.19467191536131964,101.31847508704325,5.35562058342426,177.33980244865626,0.14097230094320223,0.9782139109544665,19.75,7.327846741211131e-16
6.25,0.5000337657055635,0.48196817345747284,9.184923286015993,9.179922948358938,9.179922233422447,7.14936489823494e-07,7.788044560344602e-08,0.005000337657055635,9.0,0,1.6925634524559166,1.1001662440963458,0.009276950391241974,0.0032469326369346917,0.0060300177543072845,0.18263319187972585,103.62720126579873,5.564538175511703,177.11036541552053,0.14115492304104976,0.9781741058923821,19.75,1.0258985437695583e-15
6.5,0.48039167077548944,0.46355479338178146,9.167595660790536,9.162791744082782,9.162791084210724,6.598720562927962e-07,7.201648522885327e-08,0.004803916707754895,9.0,0,1.6612609719447526,1.0798196317640893,0.009692265634228162,0.0033922929719798567,0.006299972662248307,0.17172616296320808,105.87980863102025,5.76606811635298,176.88934619933187,0.1413312929079865,0.9781354648236917,19.75,1.0258985437695583e-15
6.75,0.4620698743965832,0.4463564161886997,9.151020601462767,9.146399902718802,9.146399292220993,6.104978086303901e-07,6.674733393724861e-08,0.004620698743965832,9.0,0,1.6311631907684456,1.0602560739994897,0.010100056431920272,0.003535019751172096,0.00656503668074818,0.16181515243680544,108.07932204340136,5.960620242215218,176.67626275410817,0.14150174794445433,0.9780979418883456,19.75,1.0258985437695583e-15
7.0,0.4449556299801994,0.4302699070968749,9.135205290511397,9.130755734211595,9.130755168099789,5.661118065626076e-07,6.200054223786429e-08,0.0044495562998019935,9.0,0,1.6022526762621463,1.041464239570395,0.010500619600985809,0.0036752168603450333,0.006825402740640779,0.1527836294843509,110.22853263095423,6.148579237762265,176.47066411247715,0.1416666057541765,0.9780614909951174,19.75,1.172455478593781e-15
7.25,0.42894664233706536,0.4152019112068741,9.120148888146733,9.115859421723364,9.115858895614831,5.261085324619984e-07,5.771354165557513e-08,0.004289466423370654,9.0,0,1.5744999146875431,1.0234249445469032,0.010894244579657692,0.0038129856028801933,0.007081258976777504,0.14453119404795967,112.33001676516312,6.330305189333597,176.27212938870343,0.14182616438967321,0.9780260665867155,19.75,1.4655693482422262e-15
7.5,0.41395025811625874,0.40106798654190745,9.105844599148623,9.101705096567462,9.101704606602397,4.899650649188772e-07,5.383222810675973e-08,0.0041395025811625874,9.0,0,1.5478675296965765,1.0061138943027748,0.011281211462081836,0.003948424011728644,0.007332787450353198,0.13697106800167835,114.38615359798393,6.506134553211286,176.08026636540083,0.14198070298303692,0.9779916241632838,19.75,1.172455478593781e-15
7.75,0.39988263061878726,0.387791763911551,9.092281189697466,9.08828236339128,9.08828190616216,4.5722911885033913e-07,5.030973957104528e-08,0.003998826306187873,9.0,0,1.5223133019267012,0.9895036462523558,0.011661789787563513,0.004081626425647231,0.007580163361916287,0.1300280066603826,116.39914108608725,6.676381361063217,175.89470985789958,0.14213048260630923,0.9779581206299358,19.75,1.172455478593781e-15
8.0,0.38666790247754607,0.3753041555844639,9.079444109378652,9.075577430353878,9.07557700284509,4.275087864223679e-07,4.710540896191752e-08,0.003866679024775461,9.0,0,1.4977923239357884,0.9735650105582625,0.012036237868547461,0.0042126832539916125,0.007823554614555852,0.12363655818203653,118.37101056075352,6.841338543885175,175.71511998402437,0.142275747256542,0.9779255145164566,19.75,1.172455478593781e-15
8.25,0.37423743096410755,0.3635426236618722,9.06731632889561,9.063573954585967,9.063573554122184,4.004637836165319e-07,4.418387113329683e-08,0.0037423743096410755,9.0,0,1.4742585298006323,0.958268044370411,0.01240480250099762,0.004341680875349168,0.008063121625648456,0.11773961033359388,120.30363996060728,7.001279296158783,175.54118042209802,0.14241672489547,0.9778937661045021,19.75,1.172455478593781e-15
8.5,0.3625290686954979,0.3524505121020296,9.055878972251811,9.052253681564856,9.052253305766852,3.757980054131527e-07,4.151430335834211e-08,0.0036252906869549788,9.0,0,1.4516657714550858,0.943582751445806,0.012767718943861391,0.004468701630351487,0.008299017313509906,0.11228717449949788,122.19876586366345,7.156458429526952,175.37259670954165,0.14255362849764888,0.9778628374882734,19.75,1.4655693482422262e-15
8.75,0.3514865049699652,0.3419764421193444,9.045111799584518,9.041596934534818,9.041596581281613,3.532532048067628e-07,3.906978019087481e-08,0.0035148650496996513,9.0,0,1.4299685659935328,0.9294795678957963,0.013125211085359774,0.004593823879875922,0.008531387205483855,0.10723536565523796,124.05799445413662,7.307113684095084,175.20909461386285,0.14268665707734304,0.97783269258777,19.75,1.4655693482422262e-15
9.0,0.3410586683285057,0.3320737682186576,9.034993580793643,9.031582994110357,9.031582661506729,3.326036294176045e-07,3.6826725684135413e-08,0.0034105866832850567,9.0,0,1.4091226039699067,0.9159296925804393,0.013477491736352253,0.004717122107723288,0.008760369628628964,0.10254554441327288,125.8828115488435,7.45346697824395,175.0504185940008,0.14281599667569594,0.9778032971286879,19.75,1.4655693482422262e-15
9.25,0.3311991882024812,0.3227000907963235,9.025502388708299,9.022190396826275,9.022190083174804,3.1365146993523426e-07,3.476444811512369e-08,0.003311991882024812,9.0,0,1.3890850841750597,0.9029053047137889,0.01382476300739602,0.004838667052588607,0.008986095954807408,0.09818359334880533,127.67459179368682,7.595725586469356,174.89633036078158,0.14294182129738928,0.9777746185993109,19.75,1.4655693482422262e-15
9.5,0.3218659119943717,0.31381682063053057,9.016615832419777,9.013397173299834,9.013396877076838,2.9622299468071337e-07,3.2864744444881174e-08,0.003218659119943717,9.0,0,1.3698149226742264,0.8903796997382473,0.014167216738064575,0.004958525858322602,0.00920869087974197,0.09411930481797168,129.43460712573534,7.734083240535221,174.74660753918135,0.14306429379119448,0.9777466261919955,19.75,1.4655693482422262e-15
9.75,0.3130204732044717,0.30538879042107203,9.008311245627732,9.005181040895689,9.005180760730426,2.8016526304643903e-07,3.111156364032108e-08,0.0031302047320447167,9.0,0,1.3512728710657234,0.8783273661927203,0.014505034955831005,0.005076762234540853,0.009428272721290152,0.09032586157117209,131.16403458234097,7.868721153029667,174.60104243120048,0.14318356667229498,0.9777192907348204,19.75,1.3190124134180036e-15
10.0,0.30462790596894423,0.2973839086453017,9.000565840719904,8.997519561660216,8.997519296316888,2.653433269927003e-07,2.9490719656044775e-08,0.003046279059689443,9.0,0,1.3334215695970824,0.8667240202381036,0.014838390348230276,0.005193436621880597,0.009644953726349676,0.08677939479971525,132.86396352623404,7.9998089648618125,174.45944087572087,0.14329978288655168,0.9776925846174673,19.75,1.7586832178906714e-15
10.25,0.29665630142274446,0.2897728512565307,8.99335683635651,8.990390273342284,8.990390021704439,2.5163784404966584e-07,2.798964632222985e-08,0.0029665630142274445,9.0,0,1.3162255539653689,0.8555466100774899,0.015167446736721615,0.005308606357852567,0.009858840378869048,0.08345860697186451,134.53540234479217,8.127505619755794,174.321621200295,0.1434130765183458,0.9776664817142816,19.75,1.6121262830664488e-15
10.5,0.28908764850276186,0.2825682289185252,8.986337646826538,8.98344677034151,8.983446531380045,2.389614654528199e-07,2.6600198293793156e-08,0.0028908764850276185,9.0,0,1.3002270011654775,0.8451475507575604,0.015492503487012983,0.005422376220454547,0.010070127266558437,0.08042370294742435,136.0503321438764,8.248733454983089,174.19089144591226,0.1435207076126751,0.9776409871276671,19.75,1.4655693482422262e-15
10.75,0.2819584479244964,0.2758248543103851,8.97934582910374,8.976526244624496,8.976526017303778,2.2732071978346285e-07,2.53239074435494e-08,0.0028195844792449644,9.0,0,1.29022699387602,0.838647546019413,0.015815060235481983,0.005535271082418699,0.010279789153063292,0.07789659625998144,137.00006243091897,8.35322079524778,174.07829885376486,0.14361353577450425,0.9776161712812916,19.75,1.6121262830664488e-15
11.0,0.2752336919930698,0.2694369682948031,8.973210330953414,8.970457994033483,8.97045777742673,2.1660675269382753e-07,2.4146677108114108e-08,0.0027523369199306978,9.0,0,1.2852162960698676,0.835390592445414,0.016136364309499454,0.005647727508324811,0.010488636801174645,0.0757199334206494,137.57689619320425,8.445972540845304,173.9784177100659,0.14369598441608064,0.9775919607925572,19.75,1.4655693482422262e-15
11.25,0.2688594936846186,0.26335589887627775,8.967844991118719,8.965156396181872,8.96515618949183,2.0669004168087226e-07,2.305481717741126e-08,0.0026885949368461856,9.0,0,1.2819789459563162,0.8332863148716055,0.016456859045988533,0.005759900666095988,0.010696958379892546,0.07377825854354353,137.9275783651643,8.53098935059539,173.8869201152136,0.14377159583616503,0.9775682942843329,19.75,1.4655693482422262e-15
11.5,0.26279447893270375,0.2575516618727434,8.963094778350925,8.960466833561599,8.960466636091532,1.9747006707586354e-07,2.203792176722709e-08,0.0026279447893270374,9.0,0,1.2789111289379957,0.8312922338096972,0.016776586828223028,0.005871805389878063,0.01090478143834497,0.07200359612146295,138.13896070715845,8.610673794813552,173.80120827745756,0.14384249826439532,0.9775451284303092,19.75,1.3190124134180036e-15
11.75,0.25700788236543604,0.2520014970684807,8.95884937405403,8.956279295230376,8.956279106360938,1.8886943730574178e-07,2.1087935188256503e-08,0.0025700788236543604,9.0,0,1.2753006859743616,0.8289454458833351,0.017095411999716623,0.005983394199900819,0.011112017799815806,0.07035482516189831,138.2632272217642,8.68648552307753,173.71970419147294,0.14390998485954784,0.9775224310925266,19.75,1.3190124134180036e-15
12.0,0.2514759098499176,0.2466867719746179,8.955035228105633,8.952520469007133,8.95252028818084,1.8082629174959928e-07,2.019836674773373e-08,0.002514759098499176,9.0,0,1.270893501417711,0.8260807759215121,0.017413135375071047,0.0060945973812748695,0.011318537993796183,0.06880624964512339,138.3319935136088,8.75932592826496,173.64143317248354,0.14397485406128102,0.9775001771099522,19.75,1.3190124134180036e-15
12.25,0.24617928479979867,0.24159158648117265,8.951601781321983,8.949139988473986,8.94913981518466,1.7328932547695075e-07,1.9363796487722635e-08,0.0024617928479979865,9.0,0,1.265658604697279,0.8226780930532314,0.017729550026245367,0.006205342509185882,0.01152420751705949,0.06734115008158725,138.36463783727262,8.829765119999124,173.56577837961805,0.1440376106015595,0.9774783457636659,19.75,1.6121262830664488e-15
12.5,0.2411017547225793,0.23670198916721447,8.948512258595834,8.946101241048607,8.946101074833866,1.66214742941874e-07,1.857957320885308e-08,0.002411017547225793,9.0,0,1.2596650640886746,0.8187822916576386,0.018044466292267535,0.00631556320229364,0.011728903089973902,0.06594811969445585,138.37323290618124,8.898175346080924,173.49233663423962,0.14409858374727844,0.9774569192584066,19.75,1.4655693482422262e-15
12.75,0.23622919092344305,0.23200550164028932,8.945738164188894,8.94337587227966,8.943375712715289,1.5956437115468194e-07,1.7841626409693672e-08,0.0023622919092344302,9.0,0,1.2530194238621322,0.8144626255103858,0.01835772114823307,0.006425202401881576,0.011932518746351498,0.06461896766635998,138.3654567180581,8.964809326356015,173.42083382093747,0.14415799675956636,0.9774358818090665,19.75,1.3190124134180036e-15
13.0,0.2315490372775396,0.2274908155781846,8.943256076068316,8.94094058569554,8.940940432391091,1.5330444924731702e-07,1.714634470254575e-08,0.002315490372775396,9.0,0,1.2458352382709221,0.8097929048760995,0.0186691799578008,0.006534212985230282,0.012134966972570521,0.06334750715263121,138.34631136742064,9.029846367431338,173.35107510780438,0.14421600780066052,0.977415219084514,19.75,1.6121262830664488e-15
13.25,0.22704996278803874,0.22314759034496479,8.941045791421631,8.938775291793752,8.938775144388936,1.4740481501268747e-07,1.649049340663173e-08,0.0022704996278803875,9.0,0,1.2382192808089485,0.8048425325258166,0.01897873477800304,0.006642557172301065,0.012336177605701975,0.06212884505990985,138.31914268672148,9.09341968636853,173.2829154607939,0.14427273417878506,0.9773949178622663,19.75,1.4655693482422262e-15
13.5,0.22272163380450288,0.2189663107929427,8.93908925255721,8.936862036219164,8.936861894380836,1.418383294282107e-07,1.587115576511875e-08,0.0022272163380450288,9.0,0,1.2302661957712322,0.799673027251301,0.019286301326945844,0.006750205464431049,0.0125360958625148,0.0609589582789749,138.28625031393665,9.155632766233913,173.21624199723465,0.14432826686309888,0.9773749658080846,19.75,1.6121262830664488e-15
13.75,0.2185545575369955,0.2149381821833691,8.93736992078172,8.93518437520635,8.9351842386259,1.3658044851763195e-07,1.5285688888146502e-08,0.002185545575369955,9.0,0,1.2220572604087732,0.7943372192657026,0.019591815642048035,0.006857135474716816,0.012734680167331223,0.05983443497731693,138.24925723036716,9.216569284410262,173.15096327405394,0.14438267929489576,0.9773553513302137,19.75,1.3190124134180036e-15
14.0,0.2145399690195135,0.21105504883487863,8.935872407215557,8.933727007525363,8.933726875916472,1.31608890256601e-07,1.473168926538047e-08,0.002145399690195135,9.0,0,1.2136610179046297,0.7888796616380093,0.01989523089652419,0.006963330813783471,0.012931900082740727,0.05875231218395518,138.20933721356047,9.276299248613455,173.0870026664229,0.14443603283246262,0.9773360634788355,19.75,1.3190124134180036e-15
14.25,0.2106697453704592,0.2073093285780948,8.934582251319648,8.932475553865943,8.932475426962577,1.2690336574289198e-07,1.4206964796894258e-08,0.002106697453704592,9.0,0,1.2051346506531737,0.7833375229245628,0.020196514559187483,0.007068780095715625,0.013127734463471867,0.057709970446808166,138.1673575957915,9.334882873170573,173.02429418328362,0.14448838018964927,0.9773170918734021,19.75,1.6121262830664488e-15
14.5,0.20693633786007848,0.20369395822027156,8.933485784724612,8.931416421346011,8.931416298900656,1.224453560015723e-07,1.3709511484531046e-08,0.0020693633786007847,9.0,0,1.196525544129103,0.7777416036839169,0.020495645945219763,0.007173476080826921,0.013322169864392846,0.05670506299070554,138.1239709153937,9.392373091198573,172.96277975378416,0.14453976766323934,0.9772984266475866,19.75,1.4655693482422262e-15
14.75,0.203332716105608,0.20020234703293477,8.932570044617048,8.930536717455993,8.93053659923807,1.1821792274169809e-07,1.3237493611176191e-08,0.00203332716105608,9.0,0,1.1878727908033178,0.7721173140221564,0.02079261414292059,0.007277414950022212,0.013515199192898385,0.05573546623203025,138.07967524703528,9.448817229878568,172.9024074161935,0.14459023661725243,0.9772800584056963,19.75,1.4655693482422262e-15
15.0,0.19985232091201044,0.19682833633928856,8.931822716111858,8.929824192902737,8.929824078697191,1.1420554542610604e-07,1.2789226636384906e-08,0.0019985232091201044,9.0,0,1.1792085340835292,0.766485547154294,0.02108741627644147,0.00738059569675452,0.01370682057968696,0.05479924388248664,138.03485497525946,9.504258162179562,172.843130071502,0.14463982450247206,0.9772619781868066,19.75,1.0258985437695583e-15
15.25,0.1964890235579912,0.19356616391597495,8.931232091693909,8.929267201458329,8.92926709106435,1.10393979430002e-07,1.2363162277412019e-08,0.001964890235579912,9.0,0,1.1705591252456327,0.7608634314096613,0.02138005605775288,0.007483019620213512,0.013897036437539373,0.05389461996849369,137.98980909103665,9.55873512361576,172.78490459843417,0.14468856557870022,0.9772441774343019,19.75,1.172455478593781e-15
15.5,0.19323709008684092,0.1904104323152882,8.930787040770708,8.92885466986984,8.928854563099708,1.067701315500091e-07,1.1957875393615915e-08,0.001932370900868409,9.0,0,1.1619460995171729,0.7552649646861623,0.021670542582632176,0.007584689903921265,0.014085852678710913,0.05301995789370706,137.94477133622948,9.612284309280811,172.72769120565297,0.14473649144209605,0.9772266479693592,19.75,1.172455478593781e-15
15.75,0.19009114962138055,0.1873560804610059,8.930476985237812,8.9285760737416,8.928575970419649,1.033219500739752e-07,1.1572052387820137e-08,0.0019009114962138056,9.0,0,1.15338699072328,0.749701543970132,0.021958889330312998,0.007685611265609552,0.014273278064703446,0.05217374373543209,137.89992488561222,9.664939322873494,172.67145294384386,0.14478363142128936,0.9772093819674266,19.75,1.3190124134180036e-15
16.0,0.18704616600750018,0.18439835803184854,8.930291878622922,8.928421416962848,8.92842131692452,1.000383272524657e-07,1.1204480902122944e-08,0.0018704616600750017,9.0,0,1.1448960075236005,0.7441824048903403,0.022245113332193894,0.007785789666267867,0.014459323665926033,0.05135457260414572,137.85541327380818,9.716731523278602,172.61615532854753,0.144830012882725,0.9771923719370555,19.75,1.172455478593781e-15
16.25,0.18409741227301668,0.181532802254923,8.9302221873532,8.92838121323047,8.928381116321457,9.690901245006721e-08,1.0854040630171925e-08,0.001840974122730167,9.0,0,1.136484593530354,0.73871498579473,0.02252923448057648,0.007885232068201771,0.014644002412374716,0.05056113728640322,137.8113486758266,9.767690298323949,172.5617660417893,0.14487566147153216,0.9771756107006564,19.75,1.172455478593781e-15
16.5,0.1812404475089305,0.1787552168070793,8.930258873272454,8.928446468797365,8.928446374872829,9.392453457033087e-08,1.0519695100214028e-08,0.0018124044750893052,9.0,0,1.1281618911347937,0.7333052292376159,0.02281127495336018,0.007983946233676065,0.014827328719684117,0.0497922186363902,137.7678182786668,9.817843285444944,172.50825469121142,0.1449206013054264,0.9771590913768586,19.75,1.172455478593781e-15
16.75,0.1784710958625169,0.17606165257669176,8.930393376886142,8.928608665927516,8.928608574851383,9.107613258476446e-08,1.020048430751818e-08,0.0017847109586251687,9.0,0,1.1199351259454646,0.727957831864552,0.023091258734846538,0.008081940557196294,0.015009318177650256,0.04904667733868584,137.7248892467438,9.867216552732229,172.45559261215809,0.14496485513359633,0.977142807364249,19.75,1.172455478593781e-15
17.0,0.17578542739009778,0.1734483900790916,8.930617601026094,8.928859746752194,8.928859658396501,8.835569317932515e-08,9.895518093613674e-09,0.001757854273900978,9.0,0,1.1118099259234062,0.7226764518502141,0.023369211216327394,0.008179223925714591,0.01518998729061281,0.04832344676848918,137.68261263221123,9.915834749793591,172.40375270252463,0.14500844446893474,0.9771267523263077,19.75,1.172455478593781e-15
17.25,0.1731797405602383,0.17091192335016256,8.930923894759557,8.929192097353955,8.929192011598259,8.575569467727843e-08,9.6039701847932e-09,0.0017317974056023828,9.0,0,1.1037905868074385,0.7174638814248351,0.02364515886302925,0.00827580560206024,0.015369353260969018,0.04762152674573739,137.6410264809945,9.963721235186506,172.35270928306474,0.14505138969960182,0.9771109201774106,19.75,1.0258985437695583e-15
17.5,0.17065084526627927,0.16845029705110434,8.931293645564104,8.92958713711144,8.929587053841992,8.326944834520219e-08,9.325117395308642e-09,0.0017065084526627927,9.0,0,1.09588029331284,0.712322190653346,0.02391912893635746,0.008371695127725115,0.015547433808632353,0.046939978028309175,137.60039943800143,10.010898185366297,172.30243797780795,0.14509371018429773,0.9770953063263477,19.75,1.3190124134180036e-15
17.75,0.16821581095864085,0.16610682076085007,8.931458274745879,8.929776116636294,8.92977603572625,8.091004211604617e-08,9.060702201179452e-09,0.0016821581095864087,9.0,0,1.0881572811935791,0.7073022327758265,0.024191168256655855,0.008466908889829552,0.01572425936682631,0.04627869735943162,137.57509468210506,10.05733153308042,172.25297435682776,0.14513537483661484,0.9770799670261757,19.75,1.4655693482422262e-15
18.0,0.1658778407955297,0.16384874756328718,8.931825473184116,8.930166694776162,8.930166616099568,7.867659338363753e-08,8.810204341388232e-09,0.001658778407955297,9.0,0,1.0810166815066158,0.7026608429793003,0.024461422427032507,0.008561497849461383,0.015899924577571133,0.04563965921047531,137.562516959727,10.102837813922331,172.20451303221108,0.14517621843815276,0.9770648935911408,19.75,1.0258985437695583e-15
18.25,0.16362140049382035,0.1616598136937461,8.932378209645375,8.930741995640437,8.930741919089764,7.655067265343062e-08,8.571591553176548e-09,0.0016362140049382035,9.0,0,1.0745996478824822,0.6984897711236134,0.024730072339003123,0.0086555253186511,0.01607454702035203,0.04502265074895803,137.55081800252725,10.147384033766437,172.15708822753905,0.14521621071423815,0.9770500508869844,19.75,1.3190124134180036e-15
18.5,0.16143559076692263,0.15953339888857493,8.933051275815576,8.931436919907906,8.931436845388845,7.451906113981654e-08,8.343457139994549e-09,0.001614355907669226,9.0,0,1.0687943513360103,0.6947163283684068,0.024997270926837126,0.008749044824393001,0.016248226102444134,0.04442591060887067,137.53621918739603,10.19105151540276,172.11061249373807,0.1452554240425446,0.9770354167359947,19.75,1.0258985437695583e-15
18.75,0.15931322459754008,0.15746499843259334,8.933803564348032,8.932210432102057,8.932210359529495,7.257256218268775e-08,8.124815546425604e-09,0.0015931322459754006,9.0,0,1.0634467409508266,0.6912403816180374,0.025263132612074832,0.008842096414226197,0.016421036197848644,0.04384751519245134,137.5184515310385,10.233940018412207,172.06497888565147,0.1452939474488539,0.9770209765750355,19.75,1.0258985437695583e-15
19.0,0.1572493315645001,0.15545122462617356,8.934609959720596,8.93303746640495,8.933037395700556,7.070439590186503e-08,7.914933321142735e-09,0.001572493315645001,9.0,0,1.058418509452324,0.6879720311440105,0.025527737239437912,0.008934708033803276,0.016593029205634647,0.04328583409688182,137.49824345376499,10.276134069656129,172.02009679392148,0.14533185636995527,0.977006720330316,19.75,1.0258985437695583e-15
19.25,0.15524025041020084,0.1534893542045701,8.935454728281464,8.933902325777362,8.933902256868121,6.890924143976377e-08,7.713229776526328e-09,0.0015524025041020084,9.0,0,1.0536014148473969,0.684840919650808,0.02579113759314976,0.009026898157602423,0.01676423943554735,0.042739587720340144,137.4763960921479,10.317697119368965,171.97589813109923,0.14536920738127043,0.9769926405790226,19.75,1.0258985437695583e-15
19.5,0.15328310369505221,0.15157707643864857,8.936327588563682,8.934794757526731,8.934794690344043,6.718268719573869e-08,7.519219973032233e-09,0.0015328310369505224,9.0,0,1.048916427468565,0.6817956778545672,0.026053366700016907,0.009118678345005921,0.016934688355010993,0.04220778304013726,137.45352333719427,10.358674830703515,171.93233380058217,0.14540604112892785,0.9769787314778299,19.75,8.793416089453357e-16
19.75,0.15137549620093307,0.14971234993243202,8.937221445461699,8.935707690499688,8.935707624978773,6.552091586646816e-08,7.332482007679035e-09,0.0015137549620093307,9.0,0,1.0443083309290333,0.6788004151038718,0.026314443782749164,0.009210055323962211,0.01710438845878696,0.04168963210538021,137.43003263501598,10.399100110879113,171.88936832202273,0.14544238683316496,0.9769649881417868,19.75,1.172455478593781e-15
20.0,0.14951534191448038,0.14789332022779197,8.938131096604282,8.936635943185138,8.936635879264614,6.392052254154257e-08,7.1526380785699134e-09,0.0014951534191448037,9.0,0,1.0397398659808457,0.6758309128875497,0.026574378749244378,0.009301032562235537,0.017273346187008848,0.0411844854173514,137.4061739131949,10.438997436281557,171.84697521654536,0.1454782661638202,0.9769514062850277,19.75,1.0258985437695583e-15
20.25,0.14770076427878281,0.14611827157548607,8.939052496539372,8.937575488896584,8.937575426518176,6.237840778070769e-08,6.979343319472069e-09,0.0014770076427878282,9.0,0,1.0351867631162217,0.672871396025544,0.02683317544002343,0.009391611404008205,0.017441564036015236,0.04069178521820763,137.3820939625952,10.478385963150451,171.80513368982824,0.14551369602921319,0.9769379820127222,19.75,1.0258985437695583e-15
20.5,0.14593003801698654,0.14438559796070738,8.93998233787069,8.938523037490521,8.938522976598808,6.089171292007182e-08,6.812279015747449e-09,0.0014593003801698654,9.0,0,1.03063391925931,0.6699120475185515,0.02709083391983826,0.009481791871943398,0.01760904204789487,0.040211035237376166,137.3578783020631,10.51728156862447,171.76382645660797,0.14554869040668267,0.9769247117000365,19.75,1.172455478593781e-15
20.75,0.14420155451001487,0.14269378502770197,8.94091781143445,8.939475795889349,8.93947573643157,5.9457779252573473e-08,6.651148301102177e-09,0.0014420155451001489,9.0,0,1.0260725928511758,0.6669471853532644,0.027347352068051053,0.009571573223817876,0.01777577884423319,0.03974178200604068,137.3335788745581,10.555698113156502,171.7230383953875,0.14558326147501652,0.9769115919210339,19.75,1.172455478593781e-15
21.0,0.14251380053710716,0.14104139822021922,8.94185646725984,8.94043132925447,8.940431271180348,5.8074120829675065e-08,6.495673272456956e-09,0.0014251380053710715,9.0,0,1.0214983981675398,0.663973958808901,0.027602726667592937,0.009660954333657535,0.017941772333935412,0.03928360363777234,137.30923068701642,10.593648187848414,171.68275575201895,0.14561742028483257,0.976898619406211,19.75,1.172455478593781e-15
21.25,0.14086534463229833,0.1394270745112653,8.942796132170796,8.941387478724474,8.941387421986068,5.6738405161427236e-08,6.3455929291100585e-09,0.0014086534463229833,9.0,0,1.0169098910602716,0.6609914291891766,0.027856954140358006,0.009749933949125308,0.018107020191232705,0.03883610316939818,137.28486101914694,10.631143541249969,171.64296568469294,0.14565117714130416,0.9768857910164656,19.75,1.0258985437695583e-15
21.5,0.13925482782124185,0.1378495162467889,8.943734859233427,8.942342310955215,8.942342255506777,5.544843861531312e-08,6.200661603770584e-09,0.0013925482782124183,9.0,0,1.0123075792987926,0.6579999265442152,0.0281100310351827,0.009838510862313953,0.018271520172868757,0.03839890457626215,137.26049407336023,10.668195315671527,171.60365601173595,0.14568454181588214,0.9768731037265175,19.75,1.172455478593781e-15
21.75,0.13768095691687088,0.13630748627183362,8.944670895163252,8.943294085594083,8.943294031391929,5.420215471651946e-08,6.060647698461426e-09,0.0013768095691687086,9.0,0,1.0076932330337998,0.6550006014719698,0.028361954343441152,0.009926684020204411,0.01843527032323675,0.03797165030527428,137.23615302592899,10.704814174746186,171.56481507515832,0.14571752366036192,0.9768605546138043,19.75,1.172455478593781e-15
22.0,0.1361424993467709,0.1347998038677634,8.945602657933495,8.944241232940028,8.944241179942425,5.2997604330844e-08,5.925332619122947e-09,0.0013614249934677087,9.0,0,1.0030694058648533,0.6519951138121547,0.028612721694907365,0.010014452593217588,0.01859826910168979,0.037553999645818126,137.21186070495955,10.741010371340028,171.5264316676836,0.1457501316673757,0.9768481408505758,19.75,1.3190124134180036e-15
22.25,0.13463827893070757,0.13332534123059356,8.946528720255158,8.945182337465852,8.945182285632903,5.183294714397906e-08,5.794509847706829e-09,0.0013463827893070758,9.0,0,0.9984391033381252,0.6489854171697815,0.028862331470741895,0.010101816014759674,0.018760515455982233,0.03714562755298061,137.18763961250795,10.776793784199068,171.4884949930509,0.14578237450280884,0.9768358596978931,19.75,1.0258985437695583e-15
22.5,0.13316717227653102,0.13188302033331734,8.947447796514469,8.946116124791704,8.946116074085259,5.070644409180602e-08,5.667984115619407e-09,0.00133167172276531,9.0,0,0.9938055546805898,0.6459736105423833,0.029110782859412043,0.010188774000794225,0.018922008858617827,0.03674622371194881,137.16351168535562,10.812173939150767,171.4509946427671,0.14581426052435362,0.9768237085007879,19.75,1.172455478593781e-15
22.75,0.1317281056027538,0.13047181007853015,8.948358731820452,8.947041450764424,8.947041401147974,4.961645053119022e-08,5.545570656426438e-09,0.001317281056027538,9.0,0,0.9891720569378629,0.642961837009611,0.02935807587364651,0.01027532655577629,0.019082749317870226,0.03635549173215369,137.13949799611163,10.847160023318102,171.41392058031877,0.14584579779380197,0.9768116846841561,19.75,1.0258985437695583e-15
23.0,0.13032005187480372,0.12909072368348776,8.949260492408577,8.947957291889828,8.947957243328418,4.856141001694287e-08,5.4270945236805645e-09,0.0013032005187480374,9.0,0,0.9845418699842119,0.6399522154897377,0.029604211341142564,0.010361473969399909,0.019242737371742657,0.0359731484149211,137.11561848708766,10.881760896635715,171.37726312828326,0.14587699408693688,0.9767997857491413,19.75,8.793416089453357e-16
23.25,0.12894202818634423,0.12773881626015893,8.950152156976324,8.948862736694462,8.948862689154613,4.7539848594280134e-08,5.312389964296228e-09,0.0012894202818634424,9.0,0,0.9799181473230918,0.6369467957600098,0.029849190877973338,0.010447216807290678,0.01940197407068266,0.035598923067850674,137.09189177091415,10.915985102677498,171.3410129562077,0.14590785690282831,0.9767880092698575,19.75,1.0258985437695583e-15
23.5,0.12759309334226104,0.12641518256463852,8.951032908709436,8.949756977776014,8.949756931225645,4.6550369541699406e-08,5.201299840575897e-09,0.0012759309334226105,9.0,0,0.9753038920714614,0.6339475298464499,0.0300930168509912,0.010532555897846931,0.019560460953144274,0.035232556854195775,137.06833500277426,10.949840879608809,171.3051610683899,0.14593839347326662,0.9767763528903746,19.75,1.0258985437695583e-15
23.75,0.12627234561438905,0.12511895489725638,8.951902027858962,8.950639304402818,8.95063925881117,4.5591648514681494e-08,5.093675095616351e-09,0.0012627234561438903,9.0,0,0.9707019306359508,0.630956254913368,0.03033569233365019,0.010617492316777576,0.019718200016872616,0.034873802172761016,137.04496381623576,10.983336171483975,171.26969879132807,0.14596861077253107,0.9767648143219014,19.75,1.0258985437695583e-15
24.0,0.12497892064950573,0.12384930113895948,8.952758884785679,8.951509095579185,8.951509050916755,4.466242905041607e-08,4.989374257852587e-09,0.0012497892064950574,9.0,0,0.9661148987674542,0.6279746841988453,0.03057722105834206,0.010702027370419727,0.01987519368792233,0.03452242206698738,137.02179231027407,11.016478639842429,171.23461776088632,0.1459985155274516,0.9767533913401459,19.75,8.793416089453357e-16
24.25,0.12371198951418241,0.12260542291222701,8.953602933419507,8.952365813524366,8.952365769762848,4.376151840027375e-08,4.888262981184604e-09,0.001237119895141824,9.0,0,0.9615452362128024,0.6250044035383215,0.030817607367395264,0.010786162578588348,0.02003144478880691,0.034178189663016195,136.99883307480965,11.049275675457432,171.19990990933232,0.14602811422763035,0.9767420817828182,19.75,1.172455478593781e-15
24.5,0.12247075686422865,0.12138655385657604,8.954433705098962,8.95320899753032,8.953208954642536,4.288778366136451e-08,4.79021361761965e-09,0.0012247075686422865,9.0,0,0.956995187265769,0.6220468717227499,0.031056856164211707,0.010869899657474102,0.020186956506737602,0.0338408876367028,136.97609724358537,11.08173441007344,171.16556745241635,0.14605741313567605,0.976730883547269,19.75,1.0258985437695583e-15
24.75,0.12125445922851054,0.12019195800997726,8.955250802765331,8.954038258173046,8.954038216132899,4.2040148181986205e-08,4.695104819729008e-09,0.0012125445922851054,9.0,0,0.9524668052902516,0.6191034234386636,0.031294972865534273,0.010953240502937,0.020341732362597266,0.033510307709352816,136.95359456526543,11.113861727985842,171.13158287664854,0.14608641829731672,0.976719794588249,19.75,1.0258985437695583e-15
25.0,0.12006236339832912,0.11902092828845291,8.95605389549169,8.954853271857706,8.954853230640117,4.1217588218505853e-08,4.602821170508712e-09,0.0012006236339832913,9.0,0,0.947961959839193,0.6161752738954754,0.03153196335549407,0.011036187174422929,0.020495776181071134,0.033186250171650805,136.93133348567258,11.145664277346748,171.0979489268931,0.14611513555128602,0.9767088129157768,19.75,1.0258985437695583e-15
25.25,0.11889376491457058,0.11787278505687947,8.956842713329848,8.955653775680704,8.955653735261574,4.041912982347436e-08,4.513252838473222e-09,0.0011889376491457059,9.0,0,0.9434823453880241,0.6132635245022158,0.03176783394184108,0.011118741879644381,0.02064909206219669,0.03286852343496299,136.9093212358607,11.177148481111603,171.06465859437031,0.14614357053890464,0.9766979365931124,19.75,7.327846741211131e-16
25.5,0.11774798664563477,0.1167468747846411,8.957617042460392,8.956439562593935,8.95643952295009,3.96438459466982e-08,4.426295256015402e-09,0.0011774798664563476,9.0,0,0.9390294909861082,0.6103691691409703,0.03200259131458761,0.011200906960105665,0.020801684354481934,0.032556943608971343,136.8875639221702,11.208320547568862,171.03170510512533,0.1461717287133029,0.9766871637348273,19.75,8.793416089453357e-16
25.75,0.11662437744979008,0.11564256878031051,8.958376720631684,8.957210476857187,8.957210437966333,3.889085373266158e-08,4.341848819243913e-09,0.0011662437744979007,9.0,0,0.9346047703351892,0.607493100717873,0.03223624250717141,0.011282684877509993,0.020953557629661404,0.032251334104439706,136.86606661555228,11.239186480417455,170.99908190899822,0.14619961534825332,0.9766764925049639,19.75,1.0258985437695583e-15
26.0,0.11552231091614835,0.11455926200000281,8.959121632874796,8.957966409765634,8.957966371606323,3.815931199917015e-08,4.259818607666392e-09,0.0011552231091614836,9.0,0,0.9302094119525051,0.6046361177691283,0.032468794860159536,0.011364078201055837,0.021104716659103684,0.031951525259820306,136.84483343831633,11.269752088374162,170.96678266911456,0.14622723554659423,0.9766659211152808,19.75,7.327846741211131e-16
26.25,0.11444118417892389,0.11349637192446266,8.959851707481539,8.95870729563975,8.958707258191332,3.744841888340255e-08,4.180114122227086e-09,0.001144411841789239,9.0,0,0.9258445091837652,0.6017989309694474,0.03270025598745548,0.011445089595609415,0.021255166391846044,0.0316573539903686,136.8238676470971,11.30002299430597,170.93480125189927,0.14625459424823956,0.97665544782358,19.75,8.793416089453357e-16
26.5,0.1133804168000613,0.11245333750032127,8.960566912233462,8.959433108065463,8.959433071308053,3.6757409642739265e-08,4.102649040333758e-09,0.0011338041680006132,9.0,0,0.9215110299089543,0.5989821694408203,0.03293063374493272,0.011525721810726447,0.021404911934206246,0.03136866345843075,136.80317171131549,11.33000464389197,170.90313171760698,0.1462816962377783,0.9766450709321074,19.75,7.327846741211131e-16
26.75,0.11233944971569017,0.11142961814130094,8.961267250869783,8.960143856372627,8.960143820287072,3.608555459880363e-08,4.0273409866225404e-09,0.0011233944971569016,9.0,0,0.9172098258399776,0.5961863867959855,0.033159936201392716,0.011605977670487445,0.021553958530905245,0.031085302763593958,136.78274738674386,11.359702313825869,170.87176831135753,0.14630854615167166,0.9766347887860256,19.75,5.862277392968905e-16
27.0,0.11131774424220722,0.1104246927854571,8.961952759782767,8.960839582340343,8.960839546908186,3.543215721411523e-08,3.954111318312569e-09,0.0011131774424220722,9.0,0,0.9129416413494568,0.5934120668771469,0.033388171611730084,0.011685860064105522,0.021702311547624527,0.030807126651434456,136.76259578402667,11.389121119574531,170.840705454657,0.14633514848506216,0.9766245997719565,19.75,7.327846741211131e-16
27.25,0.1103147811380958,0.10943805900482889,8.96262350492933,8.961520357117948,8.961520322321396,3.479655229163087e-08,3.882884924095797e-09,0.001103147811380958,9.0,0,0.9087071217986917,0.5906596291691496,0.03361534839217975,0.011765371937262908,0.02184997645491682,0.0305339952396534,136.74271743217497,11.418266022710867,170.80993773738538,0.14636150759820937,0.9766145023165841,19.75,7.327846741211131e-16
27.5,0.10933005971787699,0.10846923216413919,8.963279578947956,8.962186278350776,8.962186244172672,3.417810428824326e-08,3.813590035592601e-09,0.0010933005971787697,9.0,0,0.9045068213531167,0.5879294338795258,0.03384147509751803,0.011844516284131305,0.021996958813386702,0.030265773760454813,136.72311233716522,11.447141837840935,170.77945991022773,0.14638762772257008,0.9766044948853205,19.75,7.327846741211131e-16
27.75,0.10836309701484739,0.10751774462541717,8.963921098470404,8.962837467500256,8.962837433924049,3.357620573403096e-08,3.746158050481239e-09,0.0010836309701484738,9.0,0,0.9003412102877036,0.5852217866870073,0.034066560400089964,0.01192329614003148,0.022143264260058453,0.03000233231808607,136.70378003584418,11.47575323914587,170.74926687752674,0.14641351296654023,0.9765945759810286,19.75,7.327846741211131e-16
28.0,0.10741342698949823,0.10658314499564524,8.964548201618028,8.963474067348132,8.963474034357857,3.299027574971206e-08,3.6805233664799705e-09,0.0010741342698949823,9.0,0,0.8962106817944132,0.5825369431663686,0.03429061307053856,0.012001714574688491,0.022288898495850046,0.02974354566052916,136.6847196453855,11.504104766559394,170.719353690533,0.14643916732087733,0.9765847441427986,19.75,8.793416089453357e-16
28.25,0.10648059978073159,0.10566499741473295,8.965161045672867,8.96409623967506,8.9640962072553,3.241975865535454e-08,3.6166232254250902e-09,0.001064805997807316,9.0,0,0.892115558310147,0.5798751129015957,0.034513641960116095,0.01207977468604063,0.02243386727407545,0.02948929296439695,136.6659299085691,11.53220083160142,170.68971554103146,0.14646459466382056,0.9765749979447765,19.75,7.327846741211131e-16
28.5,0.1055641809971916,0.10476288088131039,8.965759804914015,8.964704163104043,8.96470413123992,3.186412266394441e-08,3.554397566747078e-09,0.0010556418099719159,9.0,0,0.888056097387647,0.5772364633019706,0.034735655984463,0.01215747959456205,0.022578176389900947,0.029239457632153004,136.647409235162,11.560045722887676,170.66034775532114,0.14648979876592633,0.9765653359950403,19.75,8.793416089453357e-16
28.75,0.10466375104621894,0.10387638861400905,8.966344668610148,8.965298031099687,8.965297999776828,3.1322858653914044e-08,3.493788889700967e-09,0.0010466375104621894,9.0,0,0.8840324971340753,0.574621123137149,0.03495666410874652,0.012234832438061281,0.02272183167068523,0.028993927100835103,136.6291557396807,11.587643611334496,170.6312457885277,0.14651478329463655,0.9765557569345236,19.75,1.0258985437695583e-15
29.0,0.10377890449810703,0.10300512744605726,8.966915839159455,8.965878050114474,8.965878019318994,3.079547901518973e-08,3.4347421237562495e-09,0.0010377890449810702,9.0,0,0.8800449012430608,0.5720291858079894,0.03517667533405728,0.01231183636692005,0.022864838967137226,0.028752592661520113,136.61116727580776,11.614998555077147,170.60240521922876,0.14653955181859435,0.9765462594359825,19.75,7.327846741211131e-16
29.25,0.10290924948350101,0.10214871725116756,8.967473530368519,8.966444437873685,8.966444407592167,3.0281516563737104e-08,3.3772045065968316e-09,0.00102909249483501,9.0,0,0.8760934036461895,0.5694607123700232,0.03539569868496882,0.012388494539739094,0.02300720414522973,0.0285153492888227,136.59344146772472,11.642114504119066,170.57382174437257,0.14656410781172394,0.9765368422030051,19.75,8.793416089453357e-16
29.5,0.10205440712192743,0.1013067903988307,8.96801796586212,8.966997421790902,8.966997392010377,2.9780523519965873e-08,3.3211254692229035e-09,0.0010205440712192741,9.0,0,0.8721780528095309,0.566915734326195,0.03561374319817121,0.012464810119359926,0.023148933078811277,0.028282095479771303,136.5759757386087,11.668995304728442,170.54549117447252,0.1465884546570882,0.9765275039690582,19.75,8.793416089453357e-16
29.75,0.10121401097957985,0.10047899123725858,8.968549377616187,8.96753723750639,8.967537208214319,2.92920705467067e-08,3.266456527684514e-09,0.0010121401097957985,9.0,0,0.8682988556999744,0.5643942562049834,0.0358308179120962,0.012540786269233673,0.023290031642862523,0.02805273310145193,136.55876733652713,11.695644703597681,170.5174094290604,0.1466125956505376,0.9765182434965756,19.75,8.793416089453357e-16
30.0,0.1003877065546124,0.09966497560233616,8.96906800460658,8.968064127541034,8.968064098725288,2.8815745842794682e-08,3.213151181011427e-09,0.0010038770655461241,9.0,0,0.8644557814450935,0.5618962579393108,0.03604693185745747,0.012616426150110117,0.02343050570734735,0.027827167246854717,136.54181335794792,11.722066351780315,170.48957253238194,0.14663653400416393,0.9765090595760773,19.75,1.0258985437695583e-15
30.25,0.09957515078831045,0.09886441035105333,8.9695740915666,8.968578340058716,8.968578311707562,2.8351154288589597e-08,3.161164814935874e-09,0.0009957515078831045,9.0,0,0.8606487647090363,0.5594216970608736,0.03626209404863473,0.01269173291702216,0.02357036113161257,0.027605306098398424,136.5251107690675,11.74826380841906,170.4619766093206,0.14666027284957014,0.9764999510253276,19.75,8.793416089453357e-16
30.5,0.09877601160061694,0.09807697291798581,8.97006788784653,8.969080127730525,8.969080099832608,2.7897916640034198e-08,3.1104546110341526e-09,0.0009877601160061694,9.0,0,0.8568777088056267,0.5569705107236574,0.036476313475836145,0.012766709716542653,0.023709603759293485,0.027387060798646834,136.50865642514256,11.774240544277816,170.43461788153525,0.14668381524096744,0.9764909166885218,19.75,7.327846741211131e-16
30.75,0.09798996744859276,0.09730235089349214,8.970549646368807,8.96956974669432,8.96956971923865,2.7455668768100453e-08,3.060979460940038e-09,0.0009798996744859274,9.0,0,0.8531424885685416,0.554542617569552,0.03668959909797828,0.0128413596842924,0.023848239413685877,0.027172345327764514,136.49244708799915,11.799999945089656,170.40749266379788,0.14670716415811164,0.9764819554355066,19.75,8.793416089453357e-16
31.0,0.097216706906484,0.09654024162237779,8.971019622672708,8.970047455603643,8.970047428579582,2.7024060940703403e-08,3.0126998853078873e-09,0.00097216706906484,9.0,0,0.8494429529970781,0.5521379194481008,0.036901959836227544,0.012915685942679644,0.023986273893547905,0.02696107638729269,136.47647944187733,11.825545314732027,170.3805973605205,0.14673032250908657,0.9764730661610279,19.75,1.0258985437695583e-15
31.25,0.09645592826615558,0.09579035182186187,8.971478074042828,8.970513514760167,8.97051348815741,2.6602757144372622e-08,2.965577957226216e-09,0.0009645592826615558,9.0,0,0.8457789276947568,0.549756303001592,0.03711340456815122,0.012989691598852937,0.0241237129692983,0.0267531732898555,136.4607501077557,11.850879878239668,170.35392846245884,0.14675329313294522,0.9764642477840078,19.75,7.327846741211131e-16
31.5,0.09570733915672987,0.0950523972177518,8.971925258715748,8.97096818532418,8.970968159132745,2.61914344431647e-08,2.9195772298035668e-09,0.0009570733915672986,9.0,0,0.8421502171167369,0.547397641125879,0.037323942122430405,0.01306337974285065,0.024260562379579773,0.026548557854433743,136.44525565629044,11.876006784665108,170.32748254358197,0.14677607880221685,0.9764554992468476,19.75,1.172455478593781e-15
31.75,0.0949706561823465,0.0943261021978091,8.972361435159803,8.971411728597978,8.971411702808197,2.578978237247999e-08,2.8746626676680606e-09,0.0009497065618234648,9.0,0,0.8385566066408539,0.545061794316555,0.037533581274090615,0.013136753445931728,0.024396827828158912,0.02634715430687005,136.42999261948844,11.900929109795863,170.30125625809848,0.14679868222528838,0.9764468195147579,19.75,8.793416089453357e-16
32.0,0.09424560457702601,0.0936111994813447,8.972786861422918,8.971844405377148,8.971844379979645,2.539750236561028e-08,2.8308005821399054e-09,0.00094245604577026,9.0,0,0.8349978644759471,0.5427486119093656,0.037742330740209606,0.013209815759073373,0.02453251498113625,0.026148889185290652,136.4149575012297,11.925649858737,170.27524633762974,0.1468211060486668,0.9764382075751101,19.75,8.793416089453357e-16
32.25,0.09353191787568668,0.09290742980415212,8.97320179454388,8.972266475365123,8.972266450350816,2.5014307210996556e-08,2.7879585698527317e-09,0.0009353191787568667,9.0,0,0.8314737434201263,0.5404579332230821,0.03795019917606463,0.013282569711622633,0.024667629464442023,0.02595369125015276,136.40014678673617,11.950171968367057,170.24944958852058,0.14684335285913122,0.9764296624368146,19.75,1.0258985437695583e-15
32.5,0.09282933760042336,0.09221454161793684,8.973606490022652,8.972678196646648,8.972678172006727,2.4639920538316327e-08,2.746105454614987e-09,0.0009282933760042336,9.0,0,0.8279839824806117,0.5381895886123976,0.03815719517168478,0.013355018310089688,0.02480217686159512,0.025761491398645028,136.3855569510849,11.974498309674834,170.22386288928124,0.1468654251857788,0.9764211831297187,19.75,8.793416089453357e-16
32.75,0.09213761296121278,0.09153229080345385,8.9740012013455,8.973079825215887,8.973079800941811,2.427407633164872e-08,2.705211232316737e-09,0.0009213761296121278,9.0,0,0.8245283083659044,0.5359434004378378,0.03836332724877626,0.013427164537071705,0.02493616271170458,0.02557222258318785,136.37118446684553,11.998631689984046,170.19848318814994,0.14688732550197384,0.976412768704027,19.75,8.793416089453357e-16
33.0,0.0914565005702619,0.0908604403966162,8.974386179561021,8.973471614555319,8.9734715906388,2.391651846808574e-08,2.665247018700346e-09,0.000914565005702619,9.0,0,0.8211064368601647,0.533719183959107,0.0385686038579913,0.01349901135029697,0.025069592507694357,0.025385819733796715,136.35702581092403,12.022574855072476,170.17330750077213,0.14690905622720277,0.9764044182297417,19.75,8.793416089453357e-16
33.25,0.09078576416926513,0.09019876032688064,8.974761672903428,8.973853815261734,8.973853791694735,2.3567000280268477e-08,2.626184999825642e-09,0.0009078576416926514,9.0,0,0.8177180740889236,0.5315167481578004,0.038773033376513534,0.01357056168177975,0.025202471694733806,0.02520221968408808,136.34307747068104,12.04633049119169,170.14833290798745,0.1469306197288425,0.9763961307961218,19.75,8.793416089453357e-16
33.5,0.0901251743688799,0.08954702716725889,8.975127926459438,8.974226674715748,8.974226651490465,2.3225284141429004e-08,2.5879983850713963e-09,0.000901251743688799,9.0,0,0.814362917684515,0.5293358964949347,0.03897662410593466,0.013641818437077145,0.025334805668857544,0.025021361100721787,136.32933594938933,12.069901226993109,170.12355655371917,0.14695201832384605,0.9763879055111628,19.75,1.0258985437695583e-15
33.75,0.08947450839977396,0.08890502389534373,8.975485181875664,8.974590436791665,8.974590413900525,2.2891141071614017e-08,2.550661362525351e-09,0.0008947450839977395,9.0,0,0.8110406578589532,0.5271764276083196,0.039179384270399395,0.013712784494639804,0.025466599775759626,0.02484318441608742,136.31579777109027,12.093289635365794,170.09897564296,0.14697325428035107,0.9763797415010916,19.75,7.327846741211131e-16
34.0,0.08883354987463545,0.08827253966477543,8.97583367710327,8.974945341604522,8.974945319040174,2.256435036385325e-08,2.5141490566246994e-09,0.0008883354987463544,9.0,0,0.8077509783913699,0.5250381359543904,0.03938132201499724,0.013783462705249048,0.02559785930974822,0.0246676317640542,136.3024594849039,12.116498235191008,170.0745874398482,0.1469943298192152,0.9763716379098802,19.75,7.327846741211131e-16
34.25,0.08820208856057406,0.08764936958660749,8.976173646177058,8.975291625291451,8.975291603046752,2.224469922911734e-08,2.478437487917837e-09,0.0008820208856057405,9.0,0,0.8044935575365633,0.5229208123987662,0.03958244540438139,0.013853855891533496,0.025728589512847913,0.024494646918616962,136.2893176688378,12.139529493018205,170.05038926583072,0.14701524711548195,0.9763635938987759,19.75,1.0258985437695583e-15
34.5,0.08757992016137653,0.08703531452006386,8.976505319026247,8.975629519824633,8.975629497892651,2.1931982458985272e-08,2.443503534826578e-09,0.0008757992016137652,9.0,0,0.8012680688606859,0.5208242447594459,0.039782762421596556,0.013923966847558806,0.025858795574037773,0.024324175235279296,136.27636893314647,12.162385824666972,170.02637849790617,0.14703600829978197,0.9763556086458454,19.75,8.793416089453357e-16
34.75,0.08696684610910992,0.08643018087220994,8.976828921314407,8.975959252853317,8.975959231227314,2.1626002105011117e-08,2.4093248972956898e-09,0.0008696684610910991,9.0,0,0.7980741820096338,0.5187482183062619,0.03998228096709897,0.013993798338484648,0.025988482628614338,0.024156163595027667,136.26360992327415,12.185069596758916,170.00255256694456,0.14705661545967294,0.9763476813455355,19.75,7.327846741211131e-16
35.0,0.08636267336459728,0.08583378040608598,8.977144674306103,8.976281047572458,8.97628102624589,2.132656717384462e-08,2.3758800622237834e-09,0.0008636267336459729,9.0,0,0.7949115634152496,0.5166925162199122,0.040181008857952775,0.014063353100283484,0.026117655757669316,0.023990560350757,136.25103732242488,12.20758312818353,169.97890895607935,0.14707707064092124,0.9763398112082484,19.75,8.793416089453357e-16
35.25,0.08576721422631836,0.08524593005688065,8.977452794758083,8.976595122615821,8.976595101582328,2.1033493337221156e-08,2.3431482705763274e-09,0.0008576721422631836,9.0,0,0.7917798769440607,0.5146569200136395,0.040378953827188785,0.01413263383951609,0.02624631998767273,0.023827315276018675,136.23864785379172,12.22992869150154,169.9554451991677,0.14709737584872878,0.9763319974599293,19.75,1.0258985437695583e-15
35.5,0.08518028614731203,0.0846664517557423,8.97775349483286,8.976901691971388,8.976901671224786,2.07466026559914e-08,2.3111094860876552e-09,0.0008518028614731203,9.0,0,0.7886787844928996,0.5126412099203848,0.04057612352331202,0.01420164323315922,0.026374480290152824,0.023666379515969217,136.22643828247402,12.252108514289237,169.93215887931552,0.1471175330489081,0.9763242393416689,19.75,7.327846741211131e-16
35.75,0.08460171155968434,0.08409517226085464,8.978046982032769,8.977200964917174,8.97720094445145,2.046572331741427e-08,2.2797443654647086e-09,0.0008460171155968434,9.0,0,0.7856079465354158,0.5106451652480202,0.04077252550994586,0.01427038392848107,0.02650214158146483,0.023507705540405117,136.21440541711655,12.274124780426934,169.90904762746317,0.14713754416900834,0.9763165361093169,19.75,1.0258985437695583e-15
36.0,0.08403131770634677,0.08353192299541938,8.97833345915267,8.977493145975608,8.97749312578492,2.0190689384984606e-08,2.2490342300105905e-09,0.0008403131770634676,9.0,0,0.782567022623178,0.5086685647050657,0.040968167265601665,0.014338858542960598,0.026629308722641097,0.023351247098777145,136.20254611129033,12.295979631334577,169.88610912102894,0.1471574110993954,0.9763088870331096,19.75,8.793416089453357e-16
36.25,0.08346893647963091,0.08297653989221151,8.978613124249577,8.97777843488478,8.97777841496344,1.9921340560111918e-08,2.2189610385910116e-09,0.0008346893647963092,9.0,0,0.7795556718447813,0.5067111866991079,0.04116305618356286,0.014407069664247015,0.026755986519315874,0.023196959177082636,136.19085726464434,12.317675167157317,169.86334108260783,0.14717713569428745,0.9763012913973086,19.75,8.793416089453357e-16
36.5,0.08291440426644675,0.08242886324438986,8.97888617062766,8.978057026584995,8.978057006927473,1.9657521955009034e-08,2.1895073618713928e-09,0.0008291440426644675,9.0,0,0.7765735532461067,0.5047728096099694,0.041357199571874385,0.014475019850156048,0.026882179721718368,0.023044797956541494,136.1793358238467,12.33921344790369,169.8407412787218,0.14719671977274915,0.9762937484998494,19.75,8.793416089453357e-16
36.75,0.0823675617996695,0.08188873756226668,8.979152786837158,8.97832911121916,8.978329091820077,1.9399083876188457e-08,2.16065635775678e-09,0.000823675617996695,9.0,0,0.7736203262146438,0.5028532120395185,0.041550604653428046,0.01454271162869983,0.027007893024728245,0.022894720773966572,136.1679787833364,12.360596494538903,169.81830751861878,0.14721616511964716,0.9762862576520032,19.75,8.793416089453357e-16
37.0,0.08182825401545736,0.0813560114357503,8.97941315668575,8.978594874145596,8.978594854999715,1.91458816180002e-08,2.1323917479707118e-09,0.0008182825401545736,9.0,0,0.7706956508305658,0.5009521730398677,0.041743278566135696,0.014610147498147505,0.027133131067988214,0.022746686083744642,136.1567831859025,12.381826290035503,169.79603765311938,0.14723547348656704,0.9762788181780475,19.75,8.793416089453357e-16
37.25,0.081298128123296,0.08083580935206239,8.979665828585983,8.97885284730475,8.97885282840614,1.8898611281009604e-08,2.1047912915381546e-09,0.0008129812812329599,9.0,0,0.7678018865593212,0.49907122626355876,0.04193522903777552,0.014677330163221444,0.027257898874554105,0.02260070265575416,136.14846096088272,12.402897650916996,169.77393705069883,0.14725464010729966,0.9762714392017429,19.75,7.327846741211131e-16
37.5,0.0807800643289766,0.08032753983934708,8.97992300336699,8.9791152027237,8.97911518406518,1.8658519868519864e-08,2.0779909208493107e-09,0.000807800643289766,9.0,0,0.7649773474856979,0.4972352758657036,0.04212647337464695,0.014744265681126441,0.027382207693520528,0.022457275209139108,136.14486489147987,12.423733051166124,169.752086937882,0.1472735943985675,0.9762641359183405,19.75,7.327846741211131e-16
37.75,0.08027167260340454,0.07982703180636003,8.980182064404394,8.97937934767836,8.979379329253957,1.842440301078216e-08,2.051857071340441e-09,0.0008027167260340454,9.0,0,0.7622392393522747,0.4954555055789786,0.042317033184485014,0.014810961614569768,0.02750607156991527,0.022316608410967054,136.14078524344242,12.444297073948484,169.73052434673474,0.1472923040579822,0.9762568957907725,19.75,7.327846741211131e-16
38.0,0.07977142164688848,0.0793335907473766,8.98043851385907,8.9796407996426,8.979640781447124,1.8195477776638026e-08,2.026303521780317e-09,0.0007977142164688848,9.0,0,0.759571000334006,0.49372115021710394,0.042506925934568514,0.014877424077098992,0.027629501857469544,0.022178472950144267,136.13500863918193,12.464617573586828,169.70921996048804,0.14731079434470642,0.9762497109170262,19.75,5.862277392968905e-16
38.25,0.07927843720774931,0.07884679452288562,8.980690144740768,8.97989736036869,8.979897342397413,1.7971277936205107e-08,2.0012787691225074e-09,0.0007927843720774931,9.0,0,0.7569596331842579,0.4920237615697676,0.04269616584286458,0.014943658045002615,0.027752507797861987,0.022042586683302254,136.12774642361722,12.484731071316109,169.68813539455874,0.14732909841851946,0.9762425767863256,19.75,7.327846741211131e-16
38.5,0.07879219906067887,0.07836636622377338,8.980935945595379,8.980148023604771,8.980148005853264,1.7751507621971873e-08,1.9767500018163557e-09,0.0007879219906067887,9.0,0,0.7543962106718914,0.4903575369367295,0.04288476489553256,0.015009667713436406,0.02787509718209617,0.021908722598607596,136.1194848874533,12.504666859471936,169.66723986201242,0.1473472428757142,0.9762354907240971,19.75,7.327846741211131e-16
38.75,0.07831237750040375,0.07789210715559608,8.981175522706117,8.980392398931114,8.980392381395152,1.753596289884297e-08,1.952694505969492e-09,0.0007831237750040374,9.0,0,0.7518746308102919,0.4887185100266898,0.043072733553235126,0.015075456743632306,0.027997276809602838,0.021776719248173988,136.11064395163842,12.524445177448388,169.64651207964414,0.1473652460845362,0.9762284510486137,19.75,5.862277392968905e-16
39.0,0.07783874564453128,0.0774238613122954,8.981408797789792,8.980630410333346,8.980630393008855,1.7324489952040228e-08,1.9290950813548924e-09,0.0007783874564453127,9.0,0,0.7493905525234786,0.4871038591402611,0.043260081191366,0.01514102841697811,0.028119052774387903,0.021646465851581993,136.10151511817912,12.5440791642669,169.6259382156244,0.1473831199578723,0.9762214566157285,19.75,7.327846741211131e-16
39.25,0.07737113254848722,0.0769614965058728,8.981635850652994,8.98086213932751,8.980862122210548,1.7116962848992473e-08,1.905937601918717e-09,0.0007737113254848723,9.0,0,0.7469406885077794,0.48551144753005665,0.04344681636349294,0.015206385727222542,0.028240430636270422,0.021517885517134315,136.09228101196774,12.563577180506597,169.60550945191696,0.14740087206357813,0.9762145065737972,19.75,7.327846741211131e-16
39.5,0.0769093981820968,0.07650489432663331,8.981856837662441,8.981087743680622,8.981087726767349,1.6913271715947397e-08,1.8832097178705457e-09,0.000769093981820968,9.0,0,0.7445223874867498,0.4839395518663874,0.043632946960364634,0.015271531436127632,0.02836141552423702,0.02139092249451216,136.08304880034777,12.582944605455083,169.58522009839237,0.1474185072584459,0.9762076002319768,19.75,5.862277392968905e-16
39.75,0.07645342008039988,0.07605394478723308,8.982071949706908,8.981307415506105,8.981307398792788,1.6713316440388983e-08,1.860900163770552e-09,0.0007645342008039988,9.0,0,0.742133404405009,0.48238671286325585,0.04381848031146589,0.01533646810901307,0.028482012202452833,0.021265533748249535,136.07387803238086,12.602185038799826,169.56506633212388,0.14743602878102838,0.9762007369895109,19.75,7.327846741211131e-16
40.0,0.07600308621547991,0.07560854345098408,8.982281390665763,8.981521359803608,8.981521343286605,1.6517003300135473e-08,1.8389983877404751e-09,0.0007600308621547991,9.0,0,0.7397717794813365,0.48085165666286883,0.04400342325633622,0.015401198139717683,0.028602225116618547,0.02114168376769402,136.06479983291908,12.621301047122099,169.5450454143887,0.14745343893062143,0.9761939162977585,19.75,7.327846741211131e-16
40.25,0.0755582911786308,0.07516858987796057,8.98248536649647,8.981729783584683,8.98172976726044,1.6324243141035184e-08,1.8174943506839773e-09,0.0007555829117863081,9.0,0,0.7374357753578971,0.4793332539826331,0.04418778220017569,0.015465723770061498,0.028722058430114203,0.021019341501760085,136.0558290154917,12.640294607719524,169.52515522521688,0.1474707394710071,0.9761871376397744,19.75,5.862277392968905e-16
40.5,0.07511893412254027,0.07473398677061789,8.98268407980635,8.981932890465126,8.981932874330175,1.6134950374001832e-08,1.7963784155112175e-09,0.0007511893412254026,9.0,0,0.7351238430337268,0.47783049797192245,0.04437156316093412,0.015530047106326949,0.02884151605460718,0.020898478596784696,136.0469713437095,12.659167364966931,169.50539399457432,0.14748793186369175,0.9761804005192942,19.75,7.327846741211131e-16
40.75,0.07468491763903687,0.07430463949131785,8.982877727248546,8.982130878072155,8.982130862123112,1.594904240601918e-08,1.77564128406937e-09,0.0007468491763903687,9.0,0,0.7328346009510335,0.4763424906181718,0.04455477181117189,0.015594170133910165,0.02896060167726172,0.02077906840148587,136.03822773821142,12.677920775389076,169.48576015025674,0.1475050173999065,0.976173704454751,19.75,7.327846741211131e-16
41.0,0.07425614713446622,0.0738804557781906,8.983066498366984,8.98232393689564,8.9823239211292,1.576643930165865e-08,1.7552739594367882e-09,0.0007425614713446622,9.0,0,0.7305668195245182,0.47486843269093687,0.044737413516053016,0.01565809473061856,0.029079318785434457,0.02066108541152752,136.02959665210054,12.696556188471254,169.46625223316676,0.1475219972741403,0.9761670489759879,19.75,5.862277392968905e-16
41.25,0.07383253047023978,0.07346134556733437,8.983250575180804,8.982512249876102,8.982512234289038,1.5587063567738894e-08,1.7352677217839464e-09,0.0007383253047023979,9.0,0,0.728319407669046,0.47340761498487993,0.04491949336797028,0.0157218226787896,0.029197670689180673,0.02054450496135596,136.0210753822256,12.715074891070044,169.44686885075166,0.14753887262455073,0.9761604336224167,19.75,8.793416089453357e-16
41.5,0.07341397774520114,0.07304722087254215,8.98343013214254,8.982695992365088,8.982695976954249,1.5410840004450864e-08,1.7156141115706718e-09,0.0007341397774520115,9.0,0,0.726091400019965,0.4719594100129772,0.045101016217975264,0.015785355676291347,0.029315660541683917,0.02042930305324589,136.01266077573197,12.733478131495382,169.4276086517507,0.1475556445548739,0.9761538579419515,19.75,7.327846741211131e-16
41.75,0.07300040115432721,0.0726379956966048,8.983605336281967,8.982875332270423,8.982875317032727,1.5237695592997065e-08,1.6963049167850062e-09,0.0007300040115432721,9.0,0,0.7238819445215713,0.47052326393902133,0.04528198670410566,0.015848695346436986,0.029433291357668673,0.02031545626169206,136.00434959880667,12.751767132364836,169.40847031270934,0.14757231414611535,0.976147321490363,19.75,7.327846741211131e-16
42.0,0.07259171488896793,0.07223358596035159,8.983776347438946,8.983050430290056,8.983050415222497,1.5067559403878986e-08,1.6773321624770688e-09,0.0007259171488896793,9.0,0,0.7216902904478436,0.4690986887910984,0.045462409276717616,0.015911843246851177,0.029550566029866443,0.020202941678815253,135.99613871957268,12.769943097317025,169.3894525309292,0.14758888246265037,0.976140823830859,19.75,8.793416089453357e-16
42.25,0.07218783506009285,0.07183390944200534,8.983943318535632,8.983221440185032,8.983221425284668,1.4900362517390204e-08,1.6586881016575825e-09,0.0007218783506009285,9.0,0,0.7195157770265681,0.4676852550672693,0.04564228822097427,0.015974800877341003,0.02966748734363326,0.02009173688190927,135.9880251903693,12.788007214400404,169.3705540209014,0.1476053505552969,0.9761343645337899,19.75,7.327846741211131e-16
42.5,0.07178867963464199,0.07143888572284723,8.984106395862693,8.983388509066346,8.983388494330308,1.473603795178949e-08,1.6403652070616083e-09,0.0007178867963464198,9.0,0,0.7173578228253781,0.4662825848364958,0.04582162767668062,0.016037569686838227,0.029784057989842384,0.019981819912830028,135.9800062766931,12.80596065768538,169.35177351260032,0.14762171946277208,0.9761279431764256,19.75,1.0258985437695583e-15
42.75,0.07139416837965817,0.07104843613699903,8.984265719366608,8.983551777682813,8.983551763108292,1.4574520596697413e-08,1.6223561635058241e-09,0.0007139416837965818,9.0,0,0.7152159160055908,0.464890345403634,0.04600043165568201,0.016100151079488718,0.029900280576193292,0.01987316926364223,135.9720794587634,12.823804587945293,169.3331097507537,0.14763799021229942,0.9761215593427692,19.75,8.793416089453357e-16
43.0,0.07100422281131591,0.07066248372410634,8.984421422931579,8.983711380703465,8.983711366287718,1.4415747150357242e-08,1.6046538606885235e-09,0.0007100422281131591,9.0,0,0.7130896054928001,0.46350824357032,0.04617870405705521,0.01616254641996934,0.030016157637085872,0.01976576386551562,135.96424241982763,12.841540152865376,169.31456149460652,0.1476541638197868,0.976115212623397,19.75,7.327846741211131e-16
43.25,0.07061876614726216,0.0702809531842311,8.984573634652838,8.983867446991365,8.983867432731708,1.4259656059984671e-08,1.5872513863458807e-09,0.0007061876614726216,9.0,0,0.7109784930658246,0.46213602049278596,0.04635644868032166,0.0162247570381126,0.030131691642209073,0.019659583079265297,135.95649302877743,12.85916848702701,169.2961275179207,0.14767024128979944,0.9761089026153119,19.75,7.327846741211131e-16
43.5,0.07023772326138257,0.06990377083454598,8.984722477099943,8.98402009986733,8.984020085761141,1.410618746474447e-08,1.5701420197126207e-09,0.0007023772326138257,9.0,0,0.7088822263312926,0.4607734471153402,0.04653366923690449,0.016286784232916587,0.03024688500398791,0.019554606686689482,135.94882932106097,12.876690711798979,169.27780660907155,0.1476862236154486,0.9761026289218068,19.75,8.793416089453357e-16
43.75,0.06986102064048288,0.06953086456757894,8.98486806756943,8.984169457363025,8.984169443407742,1.3955283141062064e-08,1.5533192252540312e-09,0.0006986102064048289,9.0,0,0.7068004925289617,0.45942032014382517,0.04671036936003674,0.016348629276012872,0.030361740084023866,0.019450814882269886,135.94124947990906,12.894107935204287,169.25959757117076,0.14770211177825782,0.9760963911523348,19.75,8.793416089453357e-16
44.0,0.06948858634258165,0.06916216381085048,8.98501051832678,8.984315632463353,8.984315618656467,1.3806886450071742e-08,1.536776646646609e-09,0.0006948858634258164,9.0,0,0.7047330131003978,0.45807645851525863,0.04688655261331184,0.016410293414659157,0.030476259198652683,0.019348188265019165,135.93375181884144,12.911421251797048,169.24149922217853,0.1477179067480385,0.9760901889223849,19.75,1.172455478593781e-15
44.25,0.06912034995662258,0.06879759948778624,8.985149936837802,8.984458733338235,8.984458719677294,1.366094228705607e-08,1.5205081009905485e-09,0.0006912034995662258,9.0,0,0.7026795389483466,0.45674170031642525,0.04706222249804892,0.016471777874317136,0.03059044462373179,0.019246707830378743,135.9263347658373,12.92863174256535,169.22351039498878,0.14773360948278927,0.976084021853362,19.75,1.0258985437695583e-15
44.5,0.06875624256348027,0.0684371039798279,8.985286425989687,8.98459886356405,8.984598850046654,1.3517397032761986e-08,1.5045075732407093e-09,0.0006875624256348028,9.0,0,0.7006398463137126,0.4554159001039132,0.04723738245962735,0.016533083860869584,0.03070429859875777,0.0191463549621307,135.91899684926858,12.945740474866263,169.20562993748098,0.14774922092862477,0.9760778895724697,19.75,1.172455478593781e-15
44.75,0.06839619669816857,0.06808061108967475,8.985420084302115,8.984736122335134,8.984736108958936,1.337619850649792e-08,1.4887692108448304e-09,0.0006839619669816857,9.0,0,0.6986137331998715,0.4540989265799165,0.04741203589292732,0.016594212562524576,0.03081782333040274,0.01904711142432001,135.911736685533,12.962748502393858,169.18785671253758,0.14776474201973497,0.9760717917125976,19.75,1.4655693482422262e-15
45.0,0.06804014631318345,0.06772805600560598,8.985551006128713,8.984870604665582,8.984870591428285,1.3237295920928258e-08,1.4732873185791362e-09,0.0006804014631318346,9.0,0,0.6966010162786561,0.4527906605811265,0.04758618614699699,0.01665516515144896,0.03093102099554802,0.018948959353197493,135.90455296826016,12.979656865178695,169.17018959802922,0.1477801736783727,0.9760657279122114,19.75,1.3190124134180036e-15
45.25,0.0676880267429255,0.0673793752668367,8.98567928184926,8.98500240158183,8.98500238848119,1.3100639838490106e-08,1.4580563535724494e-09,0.000676880267429255,9.0,0,0.6946015282179896,0.45149099334169324,0.04775983652905148,0.016715942785168032,0.03104389374388344,0.018851881249200793,135.8974444589322,12.996466589615885,169.1526274867695,0.14779551681486836,0.976059697815244,19.75,1.4655693482422262e-15
45.5,0.06733977466915565,0.06703450672986982,8.98580499805302,8.985131600306328,8.985131587340145,1.2966182129363076e-08,1.443070920510616e-09,0.0006733977466915564,9.0,0,0.6926151153770983,0.4501998249951139,0.04793299030789575,0.016776546607763527,0.031156443700132222,0.018755859968991966,135.89040997875932,13.01317868851854,169.13516928644404,0.147810772327667,0.9760537010709914,19.75,1.172455478593781e-15
45.75,0.06699532808744381,0.06669338953580521,8.985928237713605,8.98525828443273,8.985258271598854,1.283387593092786e-08,1.4283257670136199e-09,0.0006699532808744381,9.0,0,0.6906416358211516,0.44891706328374853,0.048105650716851044,0.01683697775089788,0.03126867296595317,0.018660878717569832,135.88344840165607,13.029794161193301,169.117813919517,0.1478259411033865,0.9760477373340105,19.75,1.172455478593781e-15
46.0,0.06665462627457391,0.06635596407857608,8.986049080355619,8.985382534092873,8.985382521389196,1.2703675608653131e-08,1.4138157791782476e-09,0.0006665462627457392,9.0,0,0.6886809576128203,0.4476426224483332,0.04827782095625425,0.016897237334689,0.03138058362156525,0.018566921040473586,135.87655864817455,13.04631399353483,169.10056032311704,0.14784102401689297,0.976041806264018,19.75,1.3190124134180036e-15
46.25,0.0663176097568718,0.06602217197407802,8.986167602213559,8.98550442611599,8.985504413540452,1.2575536718353436e-08,1.3995359772794913e-09,0.000663176097568718,9.0,0,0.6867329573434555,0.4463764222732461,0.04844950419559012,0.016957326468456553,0.03149217772713356,0.01847397081609157,135.8697396802706,13.062739158136438,169.08340744890788,0.14785602193139075,0.9760359075257934,19.75,1.3190124134180036e-15
46.5,0.0659842202794256,0.0656919560301655,8.98628387638327,8.985624034180477,8.985624021731061,1.2449415969764373e-08,1.3854815116243405e-09,0.000659842202794256,9.0,0,0.6847975188713322,0.44511838726636593,0.04862070357530794,0.017017246251357795,0.031603457323950146,0.01838201224808728,135.86299049678846,13.079070614414292,169.06635426294437,0.14787093569852564,0.9760300407890827,19.75,1.4655693482422262e-15
46.75,0.06565440077616846,0.06536526021748407,8.986397972966254,8.985741428958493,8.985741416633221,1.2325271191382902e-08,1.371647658551809e-09,0.0006565440077616845,9.0,0,0.6828745322386475,0.4438684459551209,0.0487914222083676,0.01707699777292868,0.03171442443543893,0.018291029857952213,135.85631012956583,13.095309308742918,169.04939974551692,0.1478857661584982,0.9760242057285055,19.75,1.172455478593781e-15
47.0,0.06532809534079684,0.06504202964111529,8.986509959207183,8.985856678253775,8.985856666050713,1.2203061296524129e-08,1.3580298165734326e-09,0.0006532809534079684,9.0,0,0.6809638927427125,0.44262653028276316,0.04896166318155328,0.01713658211354367,0.031825081068009624,0.018201008477693494,135.84969764007272,13.111456174600034,169.03254289098672,0.14790051414018612,0.9760184020234636,19.75,1.3190124134180036e-15
47.25,0.06500524919849758,0.06472221051300728,8.986619899624927,8.98596984713294,8.985969835050195,1.208274625054738e-08,1.3446235026486866e-09,0.0006500524919849758,9.0,0,0.6790655001400903,0.44139257509105867,0.04913142955658831,0.017196000344805926,0.03193542921178239,0.018111933242661894,135.84315211651125,13.127512132719009,169.0157827076135,0.14791518046127325,0.9760126293580506,19.75,1.3190124134180036e-15
47.5,0.06468580867845894,0.06440575012516785,8.986727856137389,8.986080998050605,8.986080986086318,1.1964287039206904e-08,1.3314243485900447e-09,0.0006468580867845894,9.0,0,0.6771792579653155,0.4401665176774551,0.049300724371079636,0.017255253529877893,0.032045470841201754,0.018023789584525,135.83667267131116,13.143478091247397,168.99911821737663,0.14792976592838505,0.9760068874209654,19.75,1.4655693482422262e-15
47.75,0.06436972118714122,0.06409259682359578,8.98683388818042,8.98619019096855,8.986190179120904,1.1847645638084149e-08,1.3184280975926223e-09,0.0006436972118714123,9.0,0,0.6753050729483452,0.4389482974164244,0.049469550639316726,0.017314342723760874,0.032155207915555865,0.017936563224388535,135.83025843896453,13.15935494591031,168.98254845579208,0.1479442713372281,0.9760011759054269,19.75,1.4655693482422262e-15
48.0,0.06405693518228377,0.06378269998292833,8.986938052821076,8.986297483469253,8.986297471736467,1.1732784983060637e-08,1.3056306008835883e-09,0.0006405693518228377,9.0,0,0.6734428545170666,0.43773785543609334,0.049637911352946,0.017373268973531114,0.032264642379414885,0.017850240166067552,135.82390857415513,13.175143580177497,168.96607247172557,0.14795869747273346,0.9759954945090893,19.75,1.3190124134180036e-15
48.25,0.06374740014762639,0.06347600998178475,8.987040404865503,8.986402930864028,8.986402919244357,1.1619668941792205e-08,1.293027814486724e-09,0.0006374740014762641,9.0,0,0.6715925143730752,0.4365351343424989,0.049805809481539266,0.01743203331853876,0.03237377616300051,0.017764806689508993,135.81762225013708,13.190844865433153,168.9496893272027,0.14797304510920303,0.9759898429339607,19.75,1.172455478593781e-15
48.5,0.06344106656832345,0.06317247817878287,8.987140996961733,8.986506586296048,8.986506574787786,1.1508262286146816e-08,1.2806157960977086e-09,0.0006344106656832344,9.0,0,0.6697539661305645,0.43534007798486696,0.04997324797307191,0.017490636790575182,0.03248261118249672,0.017680249344365236,135.81139865733266,13.206459661147667,168.93339809721832,0.1479873150104571,0.9759842208863233,19.75,1.172455478593781e-15
48.75,0.06313788590702947,0.06287205688920872,8.987239879697512,8.986608500838441,8.986608489439911,1.1398530665569855e-08,1.2683907020659e-09,0.0006313788590702948,9.0,0,0.6679271250095632,0.4341526312562161,0.0501402297543243,0.01754908041401352,0.03259114934031077,0.017596554943718742,135.80523700211282,13.221988815050597,168.917197869544,0.14800150792998404,0.9759786280766551,19.75,1.172455478593781e-15
49.0,0.06283781058063694,0.06257469936232252,8.98733710169353,8.986708723587725,8.986708712297283,1.1290440581342323e-08,1.2563487844785617e-09,0.0006283781058063694,9.0,0,0.6661119075759729,0.43297273992438245,0.05030675773121829,0.017607365205926418,0.032699392525291866,0.017513710557956138,135.7991365057412,13.237433163304264,168.9010877445357,0.1480156246110902,0.9759730642195524,19.75,1.3190124134180036e-15
49.25,0.06254079393764621,0.06228035975927808,8.987432709692188,8.98680730175281,8.986807290568851,1.1183959361698743e-08,1.2444863883436552e-09,0.0006254079393764621,9.0,0,0.6643082315218979,0.43180035048923365,0.05047283478909876,0.017665492176184586,0.03280734261291417,0.017431703508790912,135.79309640345295,13.252793530677463,168.885066834941,0.14802966578705049,0.9759675290336555,19.75,1.172455478593781e-15
49.5,0.062246790236149034,0.06198899313164081,8.987526748642118,8.986904280739758,8.986904269660702,1.1079055137772849e-08,1.2327999488674734e-09,0.0006224679023614904,9.0,0,0.6625160154806501,0.4306354100624226,0.05063846379296893,0.01772346232753914,0.03291500146542978,0.01735052136343229,135.78711594365373,13.268070730718849,168.86913426570771,0.14804363218125857,0.9759620222415751,19.75,1.172455478593781e-15
49.75,0.06195575462240735,0.061700555400484226,8.987619261778704,8.98699970423248,8.986999693256783,1.0975696820340508e-08,1.2212859888235491e-09,0.0006195575462240734,9.0,0,0.6607351788715846,0.42947786626653,0.05080364758768682,0.017781276655690403,0.03302237093199641,0.01727015192889842,135.78119438721995,13.28326556592963,168.85328917379266,0.1480575245073769,0.9759565435698205,19.75,1.172455478593781e-15
50.0,0.06166764311001008,0.06141500333605023,8.987710290700738,8.987093614269638,8.987093603395783,1.0873854077330662e-08,1.209941116009434e-09,0.0006166764311001009,9.0,0,0.6589656417705898,0.42832766715088344,0.05096838899812947,0.017838936149345327,0.03312945284878414,0.017190583246471394,135.77533100688768,13.298378827935275,168.83753070797243,0.14807134346948556,0.9759510927487293,19.75,1.0258985437695583e-15
50.25,0.06138241255959021,0.06113229453795322,8.987799875443425,8.98718605131783,8.987186040544332,1.0773497312075875e-08,1.1987620207880432e-09,0.0006138241255959022,9.0,0,0.6572073248026205,0.42718476112170334,0.05113269082933013,0.01789644179026556,0.03323624903906456,0.017111803586291597,135.76952508671508,13.3134112976559,168.82185802865527,0.1480850897622308,0.9759456695123984,19.75,1.0258985437695583e-15
50.5,0.061100020659086374,0.06085238741591612,8.987888054547913,8.987277054341323,8.987277043666724,1.0674597642275759e-08,1.1877454737104574e-09,0.0006110002065908638,9.0,0,0.6554601490531571,0.42604909688455217,0.051296555866593416,0.017953794553307714,0.03334276131328571,0.017033801442088457,135.76377592161185,13.328363745475224,168.80627030769483,0.14809876407097186,0.9759402735986162,19.75,1.3190124134180036e-15
50.75,0.060820425904532516,0.06057524117101956,8.987974865127518,8.987366660868473,8.987366650291344,1.0577126879647097e-08,1.176888323217137e-09,0.0006082042590453251,9.0,0,0.6537240359958976,0.42492062339733344,0.05145998687559239,0.018010995406457356,0.033448991469135055,0.016956565526044923,135.75808281692397,13.343236931407796,168.79076672820648,0.1481123670719263,0.9759349047487984,19.75,1.0258985437695583e-15
51.0,0.06054358758135995,0.06030081577744945,8.98806034293075,8.987454907054936,8.987454896573878,1.0481057510235764e-08,1.166187493414669e-09,0.0006054358758135995,9.0,0,0.6519989074343638,0.4237992898323365,0.05162298660245098,0.018068045310857865,0.033554941291593136,0.016880084763792595,135.75244508806676,13.358031605264422,168.77534648438458,0.1481258994323146,0.9759295627079212,19.75,1.3190124134180036e-15
51.25,0.06026946574619743,0.06002907196473161,8.988144522401397,8.987541827743934,8.987541817357572,1.0386362675366657e-08,1.1556399819252754e-09,0.0006026946574619744,9.0,0,0.6502846854553971,0.4226850455460081,0.051785557773814835,0.01812494522083521,0.03366061255297964,0.01680434828953479,135.74686206019857,13.3727485068156,168.76000878132322,0.14813936181050238,0.9759242472244594,19.75,1.4655693482422262e-15
51.5,0.05999802120915397,0.059759971200433554,8.988227436735711,8.98762745652362,8.987627446230603,1.0293016153208456e-08,1.1452428578064088e-09,0.0005999802120915397,9.0,0,0.6485812923928161,0.42157784005533044,0.051947703096913045,0.018181696083919584,0.033766007012993475,0.016729345441294254,135.74133306793155,13.387388365952916,168.74475283483875,0.14815275485614118,0.9759189580503248,19.75,1.172455478593781e-15
51.75,0.05972921551657051,0.05949347567332484,8.988309117936863,8.987711825781696,8.987711815580704,1.0200992340931132e-08,1.1349932595378816e-09,0.0005972921551657051,9.0,0,0.6468886507997282,0.42047762301982333,0.05210942525961298,0.01823829884086456,0.03387112641874843,0.0166550657562826,135.7358574550722,13.401951902848255,168.72957787129496,0.1481660792103073,0.975913694940805,19.75,1.3190124134180036e-15
52.0,0.0594630109342274,0.05922954827698161,8.98838959686686,8.987794966757518,8.987794956647251,1.0110266237435226e-08,1.1248883930740866e-09,0.000594630109342274,9.0,0,0.6452066834281946,0.4193843442283265,0.052270726930470024,0.018294754425664524,0.03397597250480551,0.016581498966388712,135.73043457438854,13.416439828110818,168.7144831274304,0.1481793355056391,0.9759084576545041,19.75,1.3190124134180036e-15
52.25,0.05919937043099316,0.058968152593818886,8.988468903295942,8.987876909591632,8.98787689957082,1.0020813426632075e-08,1.1149255299589292e-09,0.0005919937043099315,9.0,0,0.6435353132151282,0.41829795358983335,0.052431610758773804,0.018351063765570844,0.03408054699320297,0.016508634993782655,135.7250637874002,13.430852842941857,168.69946785018885,0.14819252436647218,0.9759032459532847,19.75,1.4655693482422262e-15
52.5,0.05893825766290281,0.0587092528795432,8.988547065949678,8.987957683373049,8.98795767344044,9.932610061255732e-09,1.1051020055012284e-09,0.0005893825766290281,9.0,0,0.6418744632734465,0.4172184011277402,0.05259207937459216,0.01840722778110727,0.03418485159348491,0.016436463946632486,135.71974446418827,13.445191639287103,168.68453129655202,0.14820564640897224,0.975898059602212,19.75,1.3190124134180036e-15
52.75,0.05867963695765291,0.05845281404801046,8.988624112553813,8.988037316184236,8.988037306338603,9.845632847187633e-09,1.095415217008409e-09,0.000586796369576529,9.0,0,0.6402240568876482,0.41614563697697127,0.05275213538881408,0.01846324738608494,0.034288888002729154,0.016364976114931058,135.71447598322135,13.459456899986838,168.6696727333752,0.1482187022412665,0.9758928983694968,19.75,1.172455478593781e-15
53.0,0.0584234732995009,0.058198801656476826,8.988700069876971,8.988115835143976,8.988115825384117,9.759859028275736e-09,1.0858626220763872e-09,0.000584234732995009,9.0,0,0.6385840175130781,0.4150796113835008,0.052911781393192345,0.01851912348761733,0.034392657905575025,0.016294161966429643,135.7092577311962,13.473649298923618,168.65489143722485,0.14823169246357298,0.9758877620264421,19.75,1.172455478593781e-15
53.25,0.05816973231455788,0.05794718189123457,8.988774963771414,8.988193266448269,8.988193256773002,9.675266371631038e-09,1.0764417369336642e-09,0.0005816973231455788,9.0,0,0.6369542687782606,0.4140202747058694,0.05307101996038691,0.018574856986135424,0.034496162974251496,0.01622401214267578,135.7040891028916,13.487769501167637,168.64018669421998,0.14824461766832744,0.9758826503473885,19.75,1.0258985437695583e-15
53.5,0.05791838025646234,0.057697921553616756,8.988848819211784,8.98826963540922,8.988269625817386,9.591833153384335e-09,1.0671501348376758e-09,0.0005791838025646234,9.0,0,0.6353347344897602,0.4129675774183441,0.05322985364400935,0.01863044877540328,0.03459940486860609,0.01615451745515252,135.69896950103154,13.501818163119685,168.62555779987522,0.1482574784403085,0.9758775631096638,19.75,1.0258985437695583e-15
53.75,0.05766938399242513,0.057450988046366135,8.988921660332105,8.98834496649218,8.988344956982642,9.509538144887489e-09,1.0579854445215747e-09,0.0005766938399242513,9.0,0,0.6337253386390975,0.4119214701154134,0.05338828497866913,0.018685899742534203,0.03470238523613493,0.016085668881516278,135.69389833615855,13.515795932651764,168.61100405894697,0.1482702753567609,0.97587250009353,19.75,1.172455478593781e-15
54.0,0.05742271098963377,0.05720634936035202,8.988993510460984,8.988419283351089,8.988419273922727,9.428360599343397e-09,1.0489453486896406e-09,0.0005742271098963378,9.0,0,0.6321260054113279,0.4108819035173632,0.05354631648002196,0.01874121076800769,0.03480510571201428,0.016017457561930598,135.68887502651444,13.529703449245336,168.59652478528207,0.14828300898751634,0.9758674610821341,19.75,1.172455478593781e-15
54.25,0.05717832930200682,0.056963974061628744,8.989064392155207,8.988492608862188,8.988492599513906,9.348280238850033e-09,1.040027582559629e-09,0.0005717832930200682,9.0,0,0.6305366591949285,0.40984882847670356,0.0537039506448207,0.018796382725687247,0.03490756791913346,0.015949874795493403,135.68389899792783,13.54354134412719,168.58211930166902,0.14829567989511266,0.9758624458614588,19.75,1.172455478593781e-15
54.5,0.056936207557287725,0.05672383127882656,8.989134327231751,8.988564965156177,8.988564955886899,9.269277241844044e-09,1.0312299324504008e-09,0.0005693620755728772,9.0,0,0.6289572245927035,0.4088221959852573,0.05386118995096887,0.018851416482839112,0.035009773468129765,0.01588291203675491,135.67896968370738,13.557310240403021,168.56778693969224,0.14830828863491066,0.9758574542202748,19.75,1.4655693482422262e-15
54.75,0.056696314944468224,0.056485890690860636,8.989203336798269,8.988636373648825,8.988636364457493,9.191332230930129e-09,1.0225502344132565e-09,0.0005669631494446823,9.0,0,0.6273876264334519,0.4078019571817437,0.054018036857577244,0.018906312900152038,0.0351117239574252,0.015816560892323906,135.67408652454003,13.57101075318865,168.55352703958826,0.1483208357552093,0.9758524859500927,19.75,1.3190124134180036e-15
55.0,0.05645862120153285,0.05625012251495561,8.989271441282206,8.988706855070191,8.988706845955763,9.114426261083101e-09,1.0139863729054637e-09,0.0005645862120153285,9.0,0,0.6258277897841776,0.40678806335971546,0.054174493805023295,0.01896107283175815,0.03521342097326513,0.015750813117559978,135.66924896839296,13.584643489738973,168.53933895010496,0.14833332179735853,0.9758475408451182,19.75,1.172455478593781e-15
55.25,0.056223096603514176,0.056016497494971465,8.989338660458522,8.988776429492487,8.988776420453947,9.038540808209607e-09,1.0055362795044988e-09,0.0005622309660351417,9.0,0,0.6242776399626598,0.40578046597572887,0.05433056321501396,0.019015697125254884,0.03531486608975906,0.015685660613349077,135.66445647042016,13.598209049574635,168.52522202836292,0.14834574729587055,0.9758426187022053,19.75,1.3190124134180036e-15
55.5,0.05598971195085114,0.05578498689002586,8.989405013476176,8.988845116356668,8.98884510739301,8.963657758057488e-09,9.971979316616161e-10,0.0005598971195085113,9.0,0,0.6227371025502254,0.40477911665764654,0.05448624749065152,0.019070186621728033,0.035416060868923474,0.015621095422960463,135.6597084928713,13.611708024606468,168.51117563971962,0.1483581127785288,0.9758377193208136,19.75,1.3190124134180036e-15
55.75,0.05575843855804075,0.05555556246340093,8.989470518883316,8.988912934497735,8.988912925607977,8.889759395460664e-09,9.889693514933782e-10,0.0005575843855804075,9.0,0,0.6212061034045906,0.4037839672129839,0.05464154901650267,0.01912454215577593,0.03551700686072673,0.01555710972898253,135.65500450500315,13.625140999257694,168.49719915763612,0.14837041876649512,0.9758328425029645,19.75,1.172455478593781e-15
56.0,0.05552924824257597,0.05532819647173056,8.989535194651381,8.988979902168955,8.988979893352127,8.816828393908454e-09,9.808486046098554e-10,0.0005552924824257597,9.0,0,0.6196845686726552,0.4027949696372259,0.05479647015867083,0.019178764555534793,0.035617705603136034,0.0154936958503354,135.65034398299386,13.63850855058396,168.48329196354553,0.14838266577441528,0.9758279880531969,19.75,1.4655693482422262e-15
56.25,0.05530211331416083,0.055102861654457304,8.989599058198058,8.989046037064917,8.989046028320068,8.744847805428147e-09,9.72833798978239e-10,0.0005530211331416083,9.0,0,0.6181724248031616,0.40181207612205505,0.054951013264871625,0.01923285464270507,0.035718158622166554,0.015430846239358281,135.6457264098583,13.651811248391224,168.46945344672477,0.14839485431052205,0.9758231557785283,19.75,1.172455478593781e-15
56.5,0.055077006564195376,0.05487953122355129,8.989662126409177,8.989111356343535,8.989111347669734,8.673801050770342e-09,9.649230838206625e-10,0.0005507700656419538,9.0,0,0.6166695985591362,0.40083523906343854,0.05510518066451141,0.019286813232578998,0.03581836743193242,0.015368553478969154,135.6411512753666,13.665049655351499,168.45568300416807,0.14840698487673717,0.9758183454884122,19.75,1.3190124134180036e-15
56.75,0.054853901255522954,0.05465817885348707,8.989724415659643,8.989175876647087,8.989175868043414,8.603671909886948e-09,9.571146485450756e-10,0.0005485390125552295,9.0,0,0.6151760170300479,0.39986441106953113,0.055258974668768925,0.01934064113406913,0.035918333534699795,0.015306810279895418,135.63661807596193,13.678224327116512,168.44198004046288,0.14841905796877086,0.9758135569946983,19.75,1.172455478593781e-15
57.0,0.05463277111243223,0.05443877867146683,8.989785941833388,8.989239614122264,8.98923960558782,8.534444512691975e-09,9.494067217080523e-10,0.0005463277111243223,9.0,0,0.613691607643633,0.3988995449683614,0.05541239757067983,0.019394339149737948,0.036018058420941884,0.01524560947797283,135.63212631468153,13.69133581242932,168.42834396766804,0.14843107407622003,0.9758087901115935,19.75,1.4655693482422262e-15
57.25,0.054413590310906944,0.05422130524788614,8.989846720342427,8.989302584439319,8.989302575973216,8.46610333009573e-09,9.417975700084612e-10,0.0005441359031090695,9.0,0,0.612216298177342,0.3979405938152723,0.05556545164522417,0.01944790807582846,0.036117543569395706,0.015184944031511324,135.6276755010782,13.70438465323388,168.41477420519456,0.14844303368266432,0.9758040446556236,19.75,1.172455478593781e-15
57.5,0.05419633346911648,0.05400573358703414,8.989906766145047,8.989364802810355,8.989364794411722,8.398633165303266e-09,9.342854973109548e-10,0.0005419633346911648,9.0,0,0.610750016769377,0.3969875109000951,0.05571813914941652,0.019501348702295782,0.03621679044712073,0.015124807018725765,135.62326515114168,13.717371384782643,168.40127017968786,0.14845493726576084,0.9757993204455957,19.75,1.4655693482422262e-15
57.75,0.05398097563814067,0.05379203911802223,8.989966093763181,8.9894262840068,8.98942627567478,8.332019145368505e-09,9.268688436983019e-10,0.0005398097563814068,9.0,0,0.6092926919292893,0.39604024975403807,0.05587046232239884,0.0195546618128396,0.03631580050955924,0.015065191635229682,135.6188947872227,13.730296535742186,168.3878313249131,0.1484667852973366,0.9757946173025598,19.75,1.3190124134180036e-15
58.0,0.053767492292922145,0.05358019768593502,8.990024717299011,8.989487042376082,8.989487034109835,8.266246712995372e-09,9.195459845515784e-10,0.0005376749229292215,9.0,0,0.6078442525481216,0.39509876415627904,0.05602242338553587,0.019607848184937562,0.0364145752005983,0.015006091191590538,135.61456393795604,13.743160628296907,168.37445708164165,0.14847857824348004,0.9757899350497752,19.75,1.172455478593781e-15
58.25,0.05355585932344003,0.0533701855431964,8.990082650450823,8.989547091857588,8.989547083656287,8.201301618577995e-09,9.12315329657313e-10,0.0005355585932344003,9.0,0,0.6064046279080776,0.3941630081402504,0.056174024542512885,0.019660908589879518,0.03651311595263336,0.014947499110944425,135.61027213818633,13.75596417825086,168.36114689754046,0.14849031656463024,0.9757852735126725,19.75,1.172455478593781e-15
58.5,0.05334605302609887,0.053161979341146234,8.990139906528135,8.989606445997874,8.989606437860703,8.137169912472039e-09,9.051753223406865e-10,0.0005334605302609887,9.0,0,0.6049737476917132,0.3932329359996136,0.05632526797943582,0.01971384379280254,0.03661142418663326,0.014889408926669137,135.60601892889156,13.768707695127699,168.34790022706292,0.14850200071566502,0.9757806325188201,19.75,1.4655693482422262e-15
58.75,0.05313805009532687,0.05295555612182038,8.990196498466188,8.989665117965236,8.989665109891398,8.073837937489676e-09,8.981244386239326e-10,0.0005313805009532688,9.0,0,0.6035515419906411,0.3923085022939167,0.056476155864933486,0.01976665455272672,0.03670950131220674,0.014831814280113383,135.6018038571101,13.78139168226882,168.33471653134208,0.1485136311459869,0.9757760118978902,19.75,1.4655693482422262e-15
59.0,0.05293182761537781,0.05275089330993082,8.990252438839798,8.989723120563644,8.989723112552353,8.01129232161093e-09,8.911611864091128e-10,0.0005293182761537781,9.0,0,0.6021379413137473,0.3913896618539358,0.056626690350261924,0.019819341622591673,0.03680734872767022,0.014774708918381133,135.59762647586663,13.79401663692971,168.32159527808574,0.14852520829960802,0.9757714114816242,19.75,1.6121262830664488e-15
59.25,0.05272736305233068,0.052547968705036814,8.990307739876554,8.989780466246032,8.989780458296512,7.949519970904255e-09,8.842841046844641e-10,0.0005272736305233068,9.0,0,0.6007328765949256,0.39047636978670164,0.056776873569410656,0.01987190574929373,0.03690496782011689,0.014718086692169228,135.59348634409884,13.80658305037453,168.30853594147325,0.1485367326152333,0.975766831103801,19.75,1.4655693482422262e-15
59.5,0.05252463424628213,0.05234676047390578,8.990362413469487,8.989837167127025,8.989837159238517,7.88850806264977e-09,8.774917627535608e-10,0.0005252463424628213,9.0,0,0.5993362792003272,0.3895685814802126,0.05692670763921073,0.019924347673723756,0.037002359965486946,0.014661941553657073,135.58938302658447,13.819091407968978,168.29553800205454,0.14854820452634224,0.975762270600204,19.75,1.172455478593781e-15
59.75,0.05232361940372613,0.05214724714305583,8.990416471189173,8.989893234995135,8.98989322716689,7.828244038658488e-09,8.707827594865453e-10,0.0005232361940372614,9.0,0,0.5979480809351365,0.3886662526078387,0.05707619465944452,0.01997666813080558,0.0370995265286389,0.014606267554446746,135.58531609386975,13.831542189271476,168.28260094665077,0.14855962446126883,0.9757577298085905,19.75,1.4655693482422262e-15
60.0,0.05212429709011609,0.051949407591476864,8.990469924295304,8.989948681324403,8.989948673555688,7.768715598781325e-09,8.641557225927161e-10,0.0005212429709011609,9.0,0,0.5965682140498795,0.3877693391324217,0.05722533671295699,0.020028867849534948,0.037196468863422004,0.014551058843552378,135.5812851221977,13.843935868122665,168.269724268257,0.14857099284328054,0.9757532085686599,19.75,1.3190124134180036e-15
